-- MySQL dump 10.13  Distrib 5.6.42, for Linux (x86_64)
--
-- Host: localhost    Database: SALESMANAGER
-- ------------------------------------------------------
-- Server version	5.6.42

/*!40101 SET @OLD_CHARACTER_SET_CLIENT=@@CHARACTER_SET_CLIENT */;
/*!40101 SET @OLD_CHARACTER_SET_RESULTS=@@CHARACTER_SET_RESULTS */;
/*!40101 SET @OLD_COLLATION_CONNECTION=@@COLLATION_CONNECTION */;
/*!40101 SET NAMES utf8 */;
/*!40103 SET @OLD_TIME_ZONE=@@TIME_ZONE */;
/*!40103 SET TIME_ZONE='+00:00' */;
/*!40014 SET @OLD_UNIQUE_CHECKS=@@UNIQUE_CHECKS, UNIQUE_CHECKS=0 */;
/*!40014 SET @OLD_FOREIGN_KEY_CHECKS=@@FOREIGN_KEY_CHECKS, FOREIGN_KEY_CHECKS=0 */;
/*!40101 SET @OLD_SQL_MODE=@@SQL_MODE, SQL_MODE='NO_AUTO_VALUE_ON_ZERO' */;
/*!40111 SET @OLD_SQL_NOTES=@@SQL_NOTES, SQL_NOTES=0 */;

--
-- Table structure for table `CATEGORY`
--

DROP TABLE IF EXISTS `CATEGORY`;
/*!40101 SET @saved_cs_client     = @@character_set_client */;
/*!40101 SET character_set_client = utf8 */;
CREATE TABLE `CATEGORY` (
  `CATEGORY_ID` bigint(20) NOT NULL,
  `DATE_CREATED` datetime DEFAULT NULL,
  `DATE_MODIFIED` datetime DEFAULT NULL,
  `UPDT_ID` varchar(20) DEFAULT NULL,
  `CATEGORY_IMAGE` varchar(100) DEFAULT NULL,
  `CATEGORY_STATUS` bit(1) DEFAULT NULL,
  `CODE` varchar(100) NOT NULL,
  `DEPTH` int(11) DEFAULT NULL,
  `FEATURED` bit(1) DEFAULT NULL,
  `LINEAGE` varchar(255) DEFAULT NULL,
  `SORT_ORDER` int(11) DEFAULT NULL,
  `VISIBLE` bit(1) DEFAULT NULL,
  `MERCHANT_ID` int(11) NOT NULL,
  `PARENT_ID` bigint(20) DEFAULT NULL,
  PRIMARY KEY (`CATEGORY_ID`),
  UNIQUE KEY `UK_3mq9i6qmgquvoieslx39pej6x` (`MERCHANT_ID`,`CODE`),
  KEY `FK_by5aj5to9lgmfvlhn4fb5b242` (`PARENT_ID`),
  CONSTRAINT `FK_b5718wl9wilwj9k8je1k2jeo` FOREIGN KEY (`MERCHANT_ID`) REFERENCES `MERCHANT_STORE` (`MERCHANT_ID`),
  CONSTRAINT `FK_by5aj5to9lgmfvlhn4fb5b242` FOREIGN KEY (`PARENT_ID`) REFERENCES `CATEGORY` (`CATEGORY_ID`)
) ENGINE=InnoDB DEFAULT CHARSET=latin1;
/*!40101 SET character_set_client = @saved_cs_client */;

--
-- Dumping data for table `CATEGORY`
--

LOCK TABLES `CATEGORY` WRITE;
/*!40000 ALTER TABLE `CATEGORY` DISABLE KEYS */;
INSERT INTO `CATEGORY` VALUES (2,'2018-12-31 21:49:11','2018-12-31 21:49:11','admin',NULL,'\0','1',0,'\0','/',0,'',1,NULL),(3,'2018-12-31 21:37:18','2018-12-31 21:37:18','admin',NULL,'\0','2',1,'\0','/2/',0,'',1,2),(4,'2018-12-31 21:38:38','2018-12-31 21:38:38','admin',NULL,'\0','3',1,'\0','/2/',0,'',1,2);
/*!40000 ALTER TABLE `CATEGORY` ENABLE KEYS */;
UNLOCK TABLES;

--
-- Table structure for table `CATEGORY_DESCRIPTION`
--

DROP TABLE IF EXISTS `CATEGORY_DESCRIPTION`;
/*!40101 SET @saved_cs_client     = @@character_set_client */;
/*!40101 SET character_set_client = utf8 */;
CREATE TABLE `CATEGORY_DESCRIPTION` (
  `DESCRIPTION_ID` bigint(20) NOT NULL,
  `DATE_CREATED` datetime DEFAULT NULL,
  `DATE_MODIFIED` datetime DEFAULT NULL,
  `UPDT_ID` varchar(20) DEFAULT NULL,
  `DESCRIPTION` longtext,
  `NAME` varchar(120) NOT NULL,
  `TITLE` varchar(100) DEFAULT NULL,
  `CATEGORY_HIGHLIGHT` varchar(255) DEFAULT NULL,
  `META_DESCRIPTION` varchar(255) DEFAULT NULL,
  `META_KEYWORDS` varchar(255) DEFAULT NULL,
  `META_TITLE` varchar(120) DEFAULT NULL,
  `SEF_URL` varchar(120) DEFAULT NULL,
  `LANGUAGE_ID` int(11) NOT NULL,
  `CATEGORY_ID` bigint(20) NOT NULL,
  PRIMARY KEY (`DESCRIPTION_ID`),
  UNIQUE KEY `UK_buesqq6cyx7e5hy3mf30cfieq` (`CATEGORY_ID`,`LANGUAGE_ID`),
  KEY `FK_i17o4f83r3q77m1wpwqxj3qeh` (`LANGUAGE_ID`),
  CONSTRAINT `FK_by2tlirq8wuhx2ml9ashsjwv2` FOREIGN KEY (`CATEGORY_ID`) REFERENCES `CATEGORY` (`CATEGORY_ID`),
  CONSTRAINT `FK_i17o4f83r3q77m1wpwqxj3qeh` FOREIGN KEY (`LANGUAGE_ID`) REFERENCES `LANGUAGE` (`LANGUAGE_ID`)
) ENGINE=InnoDB DEFAULT CHARSET=latin1;
/*!40101 SET character_set_client = @saved_cs_client */;

--
-- Dumping data for table `CATEGORY_DESCRIPTION`
--

LOCK TABLES `CATEGORY_DESCRIPTION` WRITE;
/*!40000 ALTER TABLE `CATEGORY_DESCRIPTION` DISABLE KEYS */;
INSERT INTO `CATEGORY_DESCRIPTION` VALUES (352,'2018-12-31 21:49:11','2018-12-31 21:49:11',NULL,'<p>\r\n	Computer Books</p>\r\n','Computer Books',NULL,'PC Books','','PC Computer Books','Computer Books','computer-books',1,2),(353,'2018-12-31 21:37:18','2018-12-31 21:37:18',NULL,'<p>\r\n	Software Programming</p>\r\n','Programming',NULL,'Programming','','software program programming','Software Programming','programming',1,3),(354,'2018-12-31 21:38:38','2018-12-31 21:38:38',NULL,'<p>\r\n	Networking</p>\r\n','Networking',NULL,'Networking','','','Networking','networking',1,4);
/*!40000 ALTER TABLE `CATEGORY_DESCRIPTION` ENABLE KEYS */;
UNLOCK TABLES;

--
-- Table structure for table `CONTENT`
--

DROP TABLE IF EXISTS `CONTENT`;
/*!40101 SET @saved_cs_client     = @@character_set_client */;
/*!40101 SET character_set_client = utf8 */;
CREATE TABLE `CONTENT` (
  `CONTENT_ID` bigint(20) NOT NULL,
  `DATE_CREATED` datetime DEFAULT NULL,
  `DATE_MODIFIED` datetime DEFAULT NULL,
  `UPDT_ID` varchar(20) DEFAULT NULL,
  `CODE` varchar(100) NOT NULL,
  `CONTENT_POSITION` varchar(10) DEFAULT NULL,
  `CONTENT_TYPE` varchar(10) DEFAULT NULL,
  `LINK_TO_MENU` bit(1) DEFAULT NULL,
  `PRODUCT_GROUP` varchar(255) DEFAULT NULL,
  `SORT_ORDER` int(11) DEFAULT NULL,
  `VISIBLE` bit(1) DEFAULT NULL,
  `MERCHANT_ID` int(11) NOT NULL,
  PRIMARY KEY (`CONTENT_ID`),
  UNIQUE KEY `UK_t1v2ld0mrwviquqourql4uub0` (`MERCHANT_ID`,`CODE`),
  CONSTRAINT `FK_l2s62g3nt07rx5tdfhsap7t7h` FOREIGN KEY (`MERCHANT_ID`) REFERENCES `MERCHANT_STORE` (`MERCHANT_ID`)
) ENGINE=InnoDB DEFAULT CHARSET=latin1;
/*!40101 SET character_set_client = @saved_cs_client */;

--
-- Dumping data for table `CONTENT`
--

LOCK TABLES `CONTENT` WRITE;
/*!40000 ALTER TABLE `CONTENT` DISABLE KEYS */;
/*!40000 ALTER TABLE `CONTENT` ENABLE KEYS */;
UNLOCK TABLES;

--
-- Table structure for table `CONTENT_DESCRIPTION`
--

DROP TABLE IF EXISTS `CONTENT_DESCRIPTION`;
/*!40101 SET @saved_cs_client     = @@character_set_client */;
/*!40101 SET character_set_client = utf8 */;
CREATE TABLE `CONTENT_DESCRIPTION` (
  `DESCRIPTION_ID` bigint(20) NOT NULL,
  `DATE_CREATED` datetime DEFAULT NULL,
  `DATE_MODIFIED` datetime DEFAULT NULL,
  `UPDT_ID` varchar(20) DEFAULT NULL,
  `DESCRIPTION` longtext,
  `NAME` varchar(120) NOT NULL,
  `TITLE` varchar(100) DEFAULT NULL,
  `META_DESCRIPTION` varchar(255) DEFAULT NULL,
  `META_KEYWORDS` varchar(255) DEFAULT NULL,
  `META_TITLE` varchar(255) DEFAULT NULL,
  `SEF_URL` varchar(120) DEFAULT NULL,
  `LANGUAGE_ID` int(11) NOT NULL,
  `CONTENT_ID` bigint(20) NOT NULL,
  PRIMARY KEY (`DESCRIPTION_ID`),
  UNIQUE KEY `UK_n0w5r7ctbp88r4rvk7ayklofm` (`CONTENT_ID`,`LANGUAGE_ID`),
  KEY `FK_f9ivw889okp1hujbvfq072ll2` (`LANGUAGE_ID`),
  CONSTRAINT `FK_4ds7m2jymx6n57xxp0qp268oi` FOREIGN KEY (`CONTENT_ID`) REFERENCES `CONTENT` (`CONTENT_ID`),
  CONSTRAINT `FK_f9ivw889okp1hujbvfq072ll2` FOREIGN KEY (`LANGUAGE_ID`) REFERENCES `LANGUAGE` (`LANGUAGE_ID`)
) ENGINE=InnoDB DEFAULT CHARSET=latin1;
/*!40101 SET character_set_client = @saved_cs_client */;

--
-- Dumping data for table `CONTENT_DESCRIPTION`
--

LOCK TABLES `CONTENT_DESCRIPTION` WRITE;
/*!40000 ALTER TABLE `CONTENT_DESCRIPTION` DISABLE KEYS */;
/*!40000 ALTER TABLE `CONTENT_DESCRIPTION` ENABLE KEYS */;
UNLOCK TABLES;

--
-- Table structure for table `COUNTRY`
--

DROP TABLE IF EXISTS `COUNTRY`;
/*!40101 SET @saved_cs_client     = @@character_set_client */;
/*!40101 SET character_set_client = utf8 */;
CREATE TABLE `COUNTRY` (
  `COUNTRY_ID` int(11) NOT NULL,
  `COUNTRY_ISOCODE` varchar(255) NOT NULL,
  `COUNTRY_SUPPORTED` bit(1) DEFAULT NULL,
  `GEOZONE_ID` bigint(20) DEFAULT NULL,
  PRIMARY KEY (`COUNTRY_ID`),
  UNIQUE KEY `UK_dqb99v22pt27v0tgeqo958e6x` (`COUNTRY_ISOCODE`),
  KEY `FK_2lbinu04sww6iku2vis3qrj75` (`GEOZONE_ID`),
  CONSTRAINT `FK_2lbinu04sww6iku2vis3qrj75` FOREIGN KEY (`GEOZONE_ID`) REFERENCES `GEOZONE` (`GEOZONE_ID`)
) ENGINE=InnoDB DEFAULT CHARSET=latin1;
/*!40101 SET character_set_client = @saved_cs_client */;

--
-- Dumping data for table `COUNTRY`
--

LOCK TABLES `COUNTRY` WRITE;
/*!40000 ALTER TABLE `COUNTRY` DISABLE KEYS */;
INSERT INTO `COUNTRY` VALUES (1,'AL','',NULL),(2,'DZ','',NULL),(3,'AR','',NULL),(4,'AU','',NULL),(5,'AT','',NULL),(6,'BH','',NULL),(7,'BY','',NULL),(8,'BE','',NULL),(9,'BO','',NULL),(10,'BA','',NULL),(11,'BR','',NULL),(12,'BG','',NULL),(13,'CA','',NULL),(14,'CL','',NULL),(15,'CN','',NULL),(16,'CO','',NULL),(17,'CR','',NULL),(18,'HR','',NULL),(19,'CU','',NULL),(20,'CY','',NULL),(21,'CZ','',NULL),(22,'DK','',NULL),(23,'DO','',NULL),(24,'EC','',NULL),(25,'EG','',NULL),(26,'SV','',NULL),(27,'EE','',NULL),(28,'FI','',NULL),(29,'FR','',NULL),(30,'DE','',NULL),(31,'GR','',NULL),(32,'GT','',NULL),(33,'HN','',NULL),(34,'HK','',NULL),(35,'HU','',NULL),(36,'IS','',NULL),(37,'IN','',NULL),(38,'ID','',NULL),(39,'IQ','',NULL),(40,'IE','',NULL),(41,'IL','',NULL),(42,'IT','',NULL),(43,'JP','',NULL),(44,'JO','',NULL),(45,'KR','',NULL),(46,'KW','',NULL),(47,'LV','',NULL),(48,'LB','',NULL),(49,'LY','',NULL),(50,'LT','',NULL),(51,'LU','',NULL),(52,'MK','',NULL),(53,'MY','',NULL),(54,'MT','',NULL),(55,'MX','',NULL),(56,'ME','',NULL),(57,'MA','',NULL),(58,'NL','',NULL),(59,'NZ','',NULL),(60,'NI','',NULL),(61,'NO','',NULL),(62,'OM','',NULL),(63,'PA','',NULL),(64,'PY','',NULL),(65,'PE','',NULL),(66,'PH','',NULL),(67,'PL','',NULL),(68,'PT','',NULL),(69,'PR','',NULL),(70,'QA','',NULL),(71,'RO','',NULL),(72,'RU','',NULL),(73,'SA','',NULL),(74,'RS','',NULL),(75,'SG','',NULL),(76,'SK','',NULL),(77,'SI','',NULL),(78,'ZA','',NULL),(79,'ES','',NULL),(80,'SD','',NULL),(81,'SE','',NULL),(82,'CH','',NULL),(83,'SY','',NULL),(84,'TW','',NULL),(85,'TH','',NULL),(86,'TN','',NULL),(87,'TR','',NULL),(88,'UA','',NULL),(89,'AE','',NULL),(90,'GB','',NULL),(91,'US','',NULL),(92,'UY','',NULL),(93,'VE','',NULL),(94,'VN','',NULL),(95,'YE','',NULL);
/*!40000 ALTER TABLE `COUNTRY` ENABLE KEYS */;
UNLOCK TABLES;

--
-- Table structure for table `COUNTRY_DESCRIPTION`
--

DROP TABLE IF EXISTS `COUNTRY_DESCRIPTION`;
/*!40101 SET @saved_cs_client     = @@character_set_client */;
/*!40101 SET character_set_client = utf8 */;
CREATE TABLE `COUNTRY_DESCRIPTION` (
  `DESCRIPTION_ID` bigint(20) NOT NULL,
  `DATE_CREATED` datetime DEFAULT NULL,
  `DATE_MODIFIED` datetime DEFAULT NULL,
  `UPDT_ID` varchar(20) DEFAULT NULL,
  `DESCRIPTION` longtext,
  `NAME` varchar(120) NOT NULL,
  `TITLE` varchar(100) DEFAULT NULL,
  `LANGUAGE_ID` int(11) NOT NULL,
  `COUNTRY_ID` int(11) NOT NULL,
  PRIMARY KEY (`DESCRIPTION_ID`),
  UNIQUE KEY `UK_t7nshki1rbp6157ed0v6cx4y4` (`COUNTRY_ID`,`LANGUAGE_ID`),
  KEY `FK_gxbf63g476n3u9ovtrlnjveuu` (`LANGUAGE_ID`),
  CONSTRAINT `FK_dlhty043oqoecr3f37uqvhj8w` FOREIGN KEY (`COUNTRY_ID`) REFERENCES `COUNTRY` (`COUNTRY_ID`),
  CONSTRAINT `FK_gxbf63g476n3u9ovtrlnjveuu` FOREIGN KEY (`LANGUAGE_ID`) REFERENCES `LANGUAGE` (`LANGUAGE_ID`)
) ENGINE=InnoDB DEFAULT CHARSET=latin1;
/*!40101 SET character_set_client = @saved_cs_client */;

--
-- Dumping data for table `COUNTRY_DESCRIPTION`
--

LOCK TABLES `COUNTRY_DESCRIPTION` WRITE;
/*!40000 ALTER TABLE `COUNTRY_DESCRIPTION` DISABLE KEYS */;
INSERT INTO `COUNTRY_DESCRIPTION` VALUES (1,'2018-12-31 21:30:18','2018-12-31 21:30:18',NULL,NULL,'Albania',NULL,1,1),(2,'2018-12-31 21:30:18','2018-12-31 21:30:18',NULL,NULL,'Algeria',NULL,1,2),(3,'2018-12-31 21:30:18','2018-12-31 21:30:18',NULL,NULL,'Argentina',NULL,1,3),(4,'2018-12-31 21:30:18','2018-12-31 21:30:18',NULL,NULL,'Australia',NULL,1,4),(5,'2018-12-31 21:30:18','2018-12-31 21:30:18',NULL,NULL,'Austria',NULL,1,5),(6,'2018-12-31 21:30:18','2018-12-31 21:30:18',NULL,NULL,'Bahrain',NULL,1,6),(7,'2018-12-31 21:30:18','2018-12-31 21:30:18',NULL,NULL,'Belarus',NULL,1,7),(8,'2018-12-31 21:30:18','2018-12-31 21:30:18',NULL,NULL,'Belgium',NULL,1,8),(9,'2018-12-31 21:30:18','2018-12-31 21:30:18',NULL,NULL,'Bolivia',NULL,1,9),(10,'2018-12-31 21:30:18','2018-12-31 21:30:18',NULL,NULL,'Bosnia and Herzegovina',NULL,1,10),(11,'2018-12-31 21:30:18','2018-12-31 21:30:18',NULL,NULL,'Brazil',NULL,1,11),(12,'2018-12-31 21:30:18','2018-12-31 21:30:18',NULL,NULL,'Bulgaria',NULL,1,12),(13,'2018-12-31 21:30:18','2018-12-31 21:30:18',NULL,NULL,'Canada',NULL,1,13),(14,'2018-12-31 21:30:18','2018-12-31 21:30:18',NULL,NULL,'Chile',NULL,1,14),(15,'2018-12-31 21:30:18','2018-12-31 21:30:18',NULL,NULL,'China',NULL,1,15),(16,'2018-12-31 21:30:18','2018-12-31 21:30:18',NULL,NULL,'Colombia',NULL,1,16),(17,'2018-12-31 21:30:18','2018-12-31 21:30:18',NULL,NULL,'Costa Rica',NULL,1,17),(18,'2018-12-31 21:30:18','2018-12-31 21:30:18',NULL,NULL,'Croatia',NULL,1,18),(19,'2018-12-31 21:30:18','2018-12-31 21:30:18',NULL,NULL,'Cuba',NULL,1,19),(20,'2018-12-31 21:30:18','2018-12-31 21:30:18',NULL,NULL,'Cyprus',NULL,1,20),(21,'2018-12-31 21:30:18','2018-12-31 21:30:18',NULL,NULL,'Czech Republic',NULL,1,21),(22,'2018-12-31 21:30:18','2018-12-31 21:30:18',NULL,NULL,'Denmark',NULL,1,22),(23,'2018-12-31 21:30:18','2018-12-31 21:30:18',NULL,NULL,'Dominican Republic',NULL,1,23),(24,'2018-12-31 21:30:18','2018-12-31 21:30:18',NULL,NULL,'Ecuador',NULL,1,24),(25,'2018-12-31 21:30:18','2018-12-31 21:30:18',NULL,NULL,'Egypt',NULL,1,25),(26,'2018-12-31 21:30:18','2018-12-31 21:30:18',NULL,NULL,'El Salvador',NULL,1,26),(27,'2018-12-31 21:30:18','2018-12-31 21:30:18',NULL,NULL,'Estonia',NULL,1,27),(28,'2018-12-31 21:30:18','2018-12-31 21:30:18',NULL,NULL,'Finland',NULL,1,28),(29,'2018-12-31 21:30:18','2018-12-31 21:30:18',NULL,NULL,'France',NULL,1,29),(30,'2018-12-31 21:30:18','2018-12-31 21:30:18',NULL,NULL,'Germany',NULL,1,30),(31,'2018-12-31 21:30:18','2018-12-31 21:30:18',NULL,NULL,'Greece',NULL,1,31),(32,'2018-12-31 21:30:18','2018-12-31 21:30:18',NULL,NULL,'Guatemala',NULL,1,32),(33,'2018-12-31 21:30:18','2018-12-31 21:30:18',NULL,NULL,'Honduras',NULL,1,33),(34,'2018-12-31 21:30:18','2018-12-31 21:30:18',NULL,NULL,'Hong Kong',NULL,1,34),(35,'2018-12-31 21:30:18','2018-12-31 21:30:18',NULL,NULL,'Hungary',NULL,1,35),(36,'2018-12-31 21:30:18','2018-12-31 21:30:18',NULL,NULL,'Iceland',NULL,1,36),(37,'2018-12-31 21:30:18','2018-12-31 21:30:18',NULL,NULL,'India',NULL,1,37),(38,'2018-12-31 21:30:18','2018-12-31 21:30:18',NULL,NULL,'Indonesia',NULL,1,38),(39,'2018-12-31 21:30:18','2018-12-31 21:30:18',NULL,NULL,'Iraq',NULL,1,39),(40,'2018-12-31 21:30:18','2018-12-31 21:30:18',NULL,NULL,'Ireland',NULL,1,40),(41,'2018-12-31 21:30:18','2018-12-31 21:30:18',NULL,NULL,'Israel',NULL,1,41),(42,'2018-12-31 21:30:18','2018-12-31 21:30:18',NULL,NULL,'Italy',NULL,1,42),(43,'2018-12-31 21:30:18','2018-12-31 21:30:18',NULL,NULL,'Japan',NULL,1,43),(44,'2018-12-31 21:30:18','2018-12-31 21:30:18',NULL,NULL,'Jordan',NULL,1,44),(45,'2018-12-31 21:30:18','2018-12-31 21:30:18',NULL,NULL,'South Korea',NULL,1,45),(46,'2018-12-31 21:30:18','2018-12-31 21:30:18',NULL,NULL,'Kuwait',NULL,1,46),(47,'2018-12-31 21:30:18','2018-12-31 21:30:18',NULL,NULL,'Latvia',NULL,1,47),(48,'2018-12-31 21:30:18','2018-12-31 21:30:18',NULL,NULL,'Lebanon',NULL,1,48),(49,'2018-12-31 21:30:18','2018-12-31 21:30:18',NULL,NULL,'Libya',NULL,1,49),(50,'2018-12-31 21:30:18','2018-12-31 21:30:18',NULL,NULL,'Lithuania',NULL,1,50),(51,'2018-12-31 21:30:19','2018-12-31 21:30:19',NULL,NULL,'Luxembourg',NULL,1,51),(52,'2018-12-31 21:30:19','2018-12-31 21:30:19',NULL,NULL,'Macedonia',NULL,1,52),(53,'2018-12-31 21:30:19','2018-12-31 21:30:19',NULL,NULL,'Malaysia',NULL,1,53),(54,'2018-12-31 21:30:19','2018-12-31 21:30:19',NULL,NULL,'Malta',NULL,1,54),(55,'2018-12-31 21:30:19','2018-12-31 21:30:19',NULL,NULL,'Mexico',NULL,1,55),(56,'2018-12-31 21:30:19','2018-12-31 21:30:19',NULL,NULL,'Montenegro',NULL,1,56),(57,'2018-12-31 21:30:19','2018-12-31 21:30:19',NULL,NULL,'Morocco',NULL,1,57),(58,'2018-12-31 21:30:19','2018-12-31 21:30:19',NULL,NULL,'Netherlands',NULL,1,58),(59,'2018-12-31 21:30:19','2018-12-31 21:30:19',NULL,NULL,'New Zealand',NULL,1,59),(60,'2018-12-31 21:30:19','2018-12-31 21:30:19',NULL,NULL,'Nicaragua',NULL,1,60),(61,'2018-12-31 21:30:19','2018-12-31 21:30:19',NULL,NULL,'Norway',NULL,1,61),(62,'2018-12-31 21:30:19','2018-12-31 21:30:19',NULL,NULL,'Oman',NULL,1,62),(63,'2018-12-31 21:30:19','2018-12-31 21:30:19',NULL,NULL,'Panama',NULL,1,63),(64,'2018-12-31 21:30:19','2018-12-31 21:30:19',NULL,NULL,'Paraguay',NULL,1,64),(65,'2018-12-31 21:30:19','2018-12-31 21:30:19',NULL,NULL,'Peru',NULL,1,65),(66,'2018-12-31 21:30:19','2018-12-31 21:30:19',NULL,NULL,'Philippines',NULL,1,66),(67,'2018-12-31 21:30:19','2018-12-31 21:30:19',NULL,NULL,'Poland',NULL,1,67),(68,'2018-12-31 21:30:19','2018-12-31 21:30:19',NULL,NULL,'Portugal',NULL,1,68),(69,'2018-12-31 21:30:19','2018-12-31 21:30:19',NULL,NULL,'Puerto Rico',NULL,1,69),(70,'2018-12-31 21:30:19','2018-12-31 21:30:19',NULL,NULL,'Qatar',NULL,1,70),(71,'2018-12-31 21:30:19','2018-12-31 21:30:19',NULL,NULL,'Romania',NULL,1,71),(72,'2018-12-31 21:30:19','2018-12-31 21:30:19',NULL,NULL,'Russia',NULL,1,72),(73,'2018-12-31 21:30:19','2018-12-31 21:30:19',NULL,NULL,'Saudi Arabia',NULL,1,73),(74,'2018-12-31 21:30:19','2018-12-31 21:30:19',NULL,NULL,'Serbia',NULL,1,74),(75,'2018-12-31 21:30:19','2018-12-31 21:30:19',NULL,NULL,'Singapore',NULL,1,75),(76,'2018-12-31 21:30:19','2018-12-31 21:30:19',NULL,NULL,'Slovakia',NULL,1,76),(77,'2018-12-31 21:30:19','2018-12-31 21:30:19',NULL,NULL,'Slovenia',NULL,1,77),(78,'2018-12-31 21:30:19','2018-12-31 21:30:19',NULL,NULL,'South Africa',NULL,1,78),(79,'2018-12-31 21:30:19','2018-12-31 21:30:19',NULL,NULL,'Spain',NULL,1,79),(80,'2018-12-31 21:30:19','2018-12-31 21:30:19',NULL,NULL,'Sudan',NULL,1,80),(81,'2018-12-31 21:30:19','2018-12-31 21:30:19',NULL,NULL,'Sweden',NULL,1,81),(82,'2018-12-31 21:30:19','2018-12-31 21:30:19',NULL,NULL,'Switzerland',NULL,1,82),(83,'2018-12-31 21:30:19','2018-12-31 21:30:19',NULL,NULL,'Syria',NULL,1,83),(84,'2018-12-31 21:30:19','2018-12-31 21:30:19',NULL,NULL,'Taiwan',NULL,1,84),(85,'2018-12-31 21:30:19','2018-12-31 21:30:19',NULL,NULL,'Thailand',NULL,1,85),(86,'2018-12-31 21:30:19','2018-12-31 21:30:19',NULL,NULL,'Tunisia',NULL,1,86),(87,'2018-12-31 21:30:19','2018-12-31 21:30:19',NULL,NULL,'Turkey',NULL,1,87),(88,'2018-12-31 21:30:19','2018-12-31 21:30:19',NULL,NULL,'Ukraine',NULL,1,88),(89,'2018-12-31 21:30:19','2018-12-31 21:30:19',NULL,NULL,'United Arab Emirates',NULL,1,89),(90,'2018-12-31 21:30:19','2018-12-31 21:30:19',NULL,NULL,'United Kingdom',NULL,1,90),(91,'2018-12-31 21:30:19','2018-12-31 21:30:19',NULL,NULL,'United States',NULL,1,91),(92,'2018-12-31 21:30:19','2018-12-31 21:30:19',NULL,NULL,'Uruguay',NULL,1,92),(93,'2018-12-31 21:30:19','2018-12-31 21:30:19',NULL,NULL,'Venezuela',NULL,1,93),(94,'2018-12-31 21:30:19','2018-12-31 21:30:19',NULL,NULL,'Vietnam',NULL,1,94),(95,'2018-12-31 21:30:19','2018-12-31 21:30:19',NULL,NULL,'Yemen',NULL,1,95);
/*!40000 ALTER TABLE `COUNTRY_DESCRIPTION` ENABLE KEYS */;
UNLOCK TABLES;

--
-- Table structure for table `CURRENCY`
--

DROP TABLE IF EXISTS `CURRENCY`;
/*!40101 SET @saved_cs_client     = @@character_set_client */;
/*!40101 SET character_set_client = utf8 */;
CREATE TABLE `CURRENCY` (
  `CURRENCY_ID` bigint(20) NOT NULL,
  `CURRENCY_CODE` varchar(255) DEFAULT NULL,
  `CURRENCY_CURRENCY_CODE` varchar(255) NOT NULL,
  `CURRENCY_NAME` varchar(255) DEFAULT NULL,
  `CURRENCY_SUPPORTED` bit(1) DEFAULT NULL,
  PRIMARY KEY (`CURRENCY_ID`),
  UNIQUE KEY `UK_m7ku15ekud52vp67ry73a36te` (`CURRENCY_CURRENCY_CODE`),
  UNIQUE KEY `UK_1ubr7n96hjajamtggqp090a4x` (`CURRENCY_CODE`),
  UNIQUE KEY `UK_7r1k69cbk5giewqr5c9r4v6f` (`CURRENCY_NAME`)
) ENGINE=InnoDB DEFAULT CHARSET=latin1;
/*!40101 SET character_set_client = @saved_cs_client */;

--
-- Dumping data for table `CURRENCY`
--

LOCK TABLES `CURRENCY` WRITE;
/*!40000 ALTER TABLE `CURRENCY` DISABLE KEYS */;
INSERT INTO `CURRENCY` VALUES (1,'FJD','FJD','FJD',''),(2,'MXN','MXN','MXN',''),(3,'STD','STD','STD',''),(4,'LVL','LVL','LVL',''),(5,'SCR','SCR','SCR',''),(6,'CDF','CDF','CDF',''),(7,'BBD','BBD','BBD',''),(8,'GTQ','GTQ','GTQ',''),(9,'CLP','CLP','CLP',''),(10,'HNL','HNL','HNL',''),(11,'UGX','UGX','UGX',''),(12,'ZAR','ZAR','ZAR',''),(13,'MXV','MXV','MXV',''),(14,'TND','TND','TND',''),(15,'BSD','BSD','BSD',''),(16,'SLL','SLL','SLL',''),(17,'SDG','SDG','SDG',''),(18,'IQD','IQD','IQD',''),(19,'CUP','CUP','CUP',''),(20,'GMD','GMD','GMD',''),(21,'TWD','TWD','TWD',''),(22,'RSD','RSD','RSD',''),(23,'DOP','DOP','DOP',''),(24,'KMF','KMF','KMF',''),(25,'MYR','MYR','MYR',''),(26,'FKP','FKP','FKP',''),(27,'XOF','XOF','XOF',''),(28,'GEL','GEL','GEL',''),(29,'UYU','UYU','UYU',''),(30,'MAD','MAD','MAD',''),(31,'CVE','CVE','CVE',''),(32,'AZN','AZN','AZN',''),(33,'OMR','OMR','OMR',''),(34,'PGK','PGK','PGK',''),(35,'KES','KES','KES',''),(36,'SEK','SEK','SEK',''),(37,'BTN','BTN','BTN',''),(38,'UAH','UAH','UAH',''),(39,'GNF','GNF','GNF',''),(40,'ERN','ERN','ERN',''),(41,'MZN','MZN','MZN',''),(42,'SVC','SVC','SVC',''),(43,'ARS','ARS','ARS',''),(44,'QAR','QAR','QAR',''),(45,'IRR','IRR','IRR',''),(46,'MRO','MRO','MRO',''),(47,'CNY','CNY','CNY',''),(48,'XPF','XPF','XPF',''),(49,'THB','THB','THB',''),(50,'UZS','UZS','UZS',''),(51,'BDT','BDT','BDT',''),(52,'LYD','LYD','LYD',''),(53,'BMD','BMD','BMD',''),(54,'KWD','KWD','KWD',''),(55,'PHP','PHP','PHP',''),(56,'RUB','RUB','RUB',''),(57,'PYG','PYG','PYG',''),(58,'ISK','ISK','ISK',''),(59,'JMD','JMD','JMD',''),(60,'COP','COP','COP',''),(61,'USD','USD','USD',''),(62,'MKD','MKD','MKD',''),(63,'DZD','DZD','DZD',''),(64,'PAB','PAB','PAB',''),(65,'SGD','SGD','SGD',''),(66,'ETB','ETB','ETB',''),(67,'KGS','KGS','KGS',''),(68,'SOS','SOS','SOS',''),(69,'VUV','VUV','VUV',''),(70,'VEF','VEF','VEF',''),(71,'LAK','LAK','LAK',''),(72,'BND','BND','BND',''),(73,'ZMK','ZMK','ZMK',''),(74,'XAF','XAF','XAF',''),(75,'LRD','LRD','LRD',''),(76,'HRK','HRK','HRK',''),(77,'CHF','CHF','CHF',''),(78,'ALL','ALL','ALL',''),(79,'DJF','DJF','DJF',''),(80,'TZS','TZS','TZS',''),(81,'VND','VND','VND',''),(82,'AUD','AUD','AUD',''),(83,'ILS','ILS','ILS',''),(84,'GHS','GHS','GHS',''),(85,'GYD','GYD','GYD',''),(86,'KPW','KPW','KPW',''),(87,'BOB','BOB','BOB',''),(88,'KHR','KHR','KHR',''),(89,'MDL','MDL','MDL',''),(90,'IDR','IDR','IDR',''),(91,'KYD','KYD','KYD',''),(92,'AMD','AMD','AMD',''),(93,'BWP','BWP','BWP',''),(94,'SHP','SHP','SHP',''),(95,'TRY','TRY','TRY',''),(96,'LBP','LBP','LBP',''),(97,'TJS','TJS','TJS',''),(98,'JOD','JOD','JOD',''),(99,'HKD','HKD','HKD',''),(100,'RWF','RWF','RWF',''),(101,'AED','AED','AED',''),(102,'EUR','EUR','EUR',''),(103,'LSL','LSL','LSL',''),(104,'DKK','DKK','DKK',''),(105,'CAD','CAD','CAD',''),(106,'BOV','BOV','BOV',''),(107,'BGN','BGN','BGN',''),(108,'MMK','MMK','MMK',''),(109,'NOK','NOK','NOK',''),(110,'MUR','MUR','MUR',''),(111,'SYP','SYP','SYP',''),(112,'GIP','GIP','GIP',''),(113,'RON','RON','RON',''),(114,'LKR','LKR','LKR',''),(115,'NGN','NGN','NGN',''),(116,'CRC','CRC','CRC',''),(117,'CZK','CZK','CZK',''),(118,'PKR','PKR','PKR',''),(119,'XCD','XCD','XCD',''),(120,'ANG','ANG','ANG',''),(121,'HTG','HTG','HTG',''),(122,'BHD','BHD','BHD',''),(123,'KZT','KZT','KZT',''),(124,'SRD','SRD','SRD',''),(125,'SZL','SZL','SZL',''),(126,'LTL','LTL','LTL',''),(127,'SAR','SAR','SAR',''),(128,'TTD','TTD','TTD',''),(129,'YER','YER','YER',''),(130,'MVR','MVR','MVR',''),(131,'AFN','AFN','AFN',''),(132,'INR','INR','INR',''),(133,'AWG','AWG','AWG',''),(134,'KRW','KRW','KRW',''),(135,'NPR','NPR','NPR',''),(136,'JPY','JPY','JPY',''),(137,'MNT','MNT','MNT',''),(138,'AOA','AOA','AOA',''),(139,'PLN','PLN','PLN',''),(140,'GBP','GBP','GBP',''),(141,'SBD','SBD','SBD',''),(142,'HUF','HUF','HUF',''),(143,'BYR','BYR','BYR',''),(144,'BIF','BIF','BIF',''),(145,'MWK','MWK','MWK',''),(146,'MGA','MGA','MGA',''),(147,'XDR','XDR','XDR',''),(148,'BZD','BZD','BZD',''),(149,'BAM','BAM','BAM',''),(150,'EGP','EGP','EGP',''),(151,'MOP','MOP','MOP',''),(152,'NAD','NAD','NAD',''),(153,'NIO','NIO','NIO',''),(154,'PEN','PEN','PEN',''),(155,'NZD','NZD','NZD',''),(156,'WST','WST','WST',''),(157,'CLF','CLF','CLF',''),(158,'BRL','BRL','BRL','');
/*!40000 ALTER TABLE `CURRENCY` ENABLE KEYS */;
UNLOCK TABLES;

--
-- Table structure for table `CUSTOMER`
--

DROP TABLE IF EXISTS `CUSTOMER`;
/*!40101 SET @saved_cs_client     = @@character_set_client */;
/*!40101 SET character_set_client = utf8 */;
CREATE TABLE `CUSTOMER` (
  `CUSTOMER_ID` bigint(20) NOT NULL,
  `CUSTOMER_ANONYMOUS` bit(1) DEFAULT NULL,
  `DATE_CREATED` datetime DEFAULT NULL,
  `DATE_MODIFIED` datetime DEFAULT NULL,
  `UPDT_ID` varchar(20) DEFAULT NULL,
  `BILLING_STREET_ADDRESS` varchar(256) DEFAULT NULL,
  `BILLING_CITY` varchar(100) DEFAULT NULL,
  `BILLING_COMPANY` varchar(100) DEFAULT NULL,
  `BILLING_FIRST_NAME` varchar(64) NOT NULL,
  `BILLING_LAST_NAME` varchar(64) NOT NULL,
  `LATITUDE` varchar(100) DEFAULT NULL,
  `LONGITUDE` varchar(100) DEFAULT NULL,
  `BILLING_POSTCODE` varchar(20) DEFAULT NULL,
  `BILLING_STATE` varchar(100) DEFAULT NULL,
  `BILLING_TELEPHONE` varchar(32) DEFAULT NULL,
  `CUSTOMER_COMPANY` varchar(100) DEFAULT NULL,
  `REVIEW_AVG` decimal(19,2) DEFAULT NULL,
  `REVIEW_COUNT` int(11) DEFAULT NULL,
  `CUSTOMER_DOB` datetime DEFAULT NULL,
  `DELIVERY_STREET_ADDRESS` varchar(256) DEFAULT NULL,
  `DELIVERY_CITY` varchar(100) DEFAULT NULL,
  `DELIVERY_COMPANY` varchar(100) DEFAULT NULL,
  `DELIVERY_FIRST_NAME` varchar(64) DEFAULT NULL,
  `DELIVERY_LAST_NAME` varchar(64) DEFAULT NULL,
  `DELIVERY_POSTCODE` varchar(20) DEFAULT NULL,
  `DELIVERY_STATE` varchar(100) DEFAULT NULL,
  `DELIVERY_TELEPHONE` varchar(32) DEFAULT NULL,
  `CUSTOMER_EMAIL_ADDRESS` varchar(96) NOT NULL,
  `CUSTOMER_GENDER` varchar(1) DEFAULT NULL,
  `CUSTOMER_NICK` varchar(96) DEFAULT NULL,
  `CUSTOMER_PASSWORD` varchar(60) DEFAULT NULL,
  `PROVIDER` varchar(255) DEFAULT NULL,
  `BILLING_COUNTRY_ID` int(11) NOT NULL,
  `BILLING_ZONE_ID` bigint(20) DEFAULT NULL,
  `LANGUAGE_ID` int(11) NOT NULL,
  `DELIVERY_COUNTRY_ID` int(11) DEFAULT NULL,
  `DELIVERY_ZONE_ID` bigint(20) DEFAULT NULL,
  `MERCHANT_ID` int(11) NOT NULL,
  PRIMARY KEY (`CUSTOMER_ID`),
  KEY `FK_3j13fd0w8fcubko0fdv53w18j` (`BILLING_COUNTRY_ID`),
  KEY `FK_72ork8lgtlvgwi0iwf0khdhv7` (`BILLING_ZONE_ID`),
  KEY `FK_eyy3eqwvkp4nudh4r02afghhs` (`LANGUAGE_ID`),
  KEY `FK_k7gt46oima5w2h4wq84hhg19c` (`DELIVERY_COUNTRY_ID`),
  KEY `FK_2atbo3aje6mi15gk8p7a5qvxb` (`DELIVERY_ZONE_ID`),
  KEY `FK_j00dj3m9tcac4sua8ajqln77a` (`MERCHANT_ID`),
  CONSTRAINT `FK_2atbo3aje6mi15gk8p7a5qvxb` FOREIGN KEY (`DELIVERY_ZONE_ID`) REFERENCES `ZONE` (`ZONE_ID`),
  CONSTRAINT `FK_3j13fd0w8fcubko0fdv53w18j` FOREIGN KEY (`BILLING_COUNTRY_ID`) REFERENCES `COUNTRY` (`COUNTRY_ID`),
  CONSTRAINT `FK_72ork8lgtlvgwi0iwf0khdhv7` FOREIGN KEY (`BILLING_ZONE_ID`) REFERENCES `ZONE` (`ZONE_ID`),
  CONSTRAINT `FK_eyy3eqwvkp4nudh4r02afghhs` FOREIGN KEY (`LANGUAGE_ID`) REFERENCES `LANGUAGE` (`LANGUAGE_ID`),
  CONSTRAINT `FK_j00dj3m9tcac4sua8ajqln77a` FOREIGN KEY (`MERCHANT_ID`) REFERENCES `MERCHANT_STORE` (`MERCHANT_ID`),
  CONSTRAINT `FK_k7gt46oima5w2h4wq84hhg19c` FOREIGN KEY (`DELIVERY_COUNTRY_ID`) REFERENCES `COUNTRY` (`COUNTRY_ID`)
) ENGINE=InnoDB DEFAULT CHARSET=latin1;
/*!40101 SET character_set_client = @saved_cs_client */;

--
-- Dumping data for table `CUSTOMER`
--

LOCK TABLES `CUSTOMER` WRITE;
/*!40000 ALTER TABLE `CUSTOMER` DISABLE KEYS */;
/*!40000 ALTER TABLE `CUSTOMER` ENABLE KEYS */;
UNLOCK TABLES;

--
-- Table structure for table `CUSTOMER_ATTRIBUTE`
--

DROP TABLE IF EXISTS `CUSTOMER_ATTRIBUTE`;
/*!40101 SET @saved_cs_client     = @@character_set_client */;
/*!40101 SET character_set_client = utf8 */;
CREATE TABLE `CUSTOMER_ATTRIBUTE` (
  `CUSTOMER_ATTRIBUTE_ID` bigint(20) NOT NULL,
  `CUSTOMER_ATTR_TXT_VAL` varchar(255) DEFAULT NULL,
  `CUSTOMER_ID` bigint(20) NOT NULL,
  `OPTION_ID` bigint(20) NOT NULL,
  `OPTION_VALUE_ID` bigint(20) NOT NULL,
  PRIMARY KEY (`CUSTOMER_ATTRIBUTE_ID`),
  UNIQUE KEY `UK_46kbpre88yh963gewm3kmdni1` (`OPTION_ID`,`CUSTOMER_ID`),
  KEY `FK_29fkuiaadeus36gasl9q1tsq3` (`CUSTOMER_ID`),
  KEY `FK_caeovxjxl3iya5jmoauqsxf9k` (`OPTION_VALUE_ID`),
  CONSTRAINT `FK_29fkuiaadeus36gasl9q1tsq3` FOREIGN KEY (`CUSTOMER_ID`) REFERENCES `CUSTOMER` (`CUSTOMER_ID`),
  CONSTRAINT `FK_apotuxwjsvba5y88au4xyw0nh` FOREIGN KEY (`OPTION_ID`) REFERENCES `CUSTOMER_OPTION` (`CUSTOMER_OPTION_ID`),
  CONSTRAINT `FK_caeovxjxl3iya5jmoauqsxf9k` FOREIGN KEY (`OPTION_VALUE_ID`) REFERENCES `CUSTOMER_OPTION_VALUE` (`CUSTOMER_OPTION_VALUE_ID`)
) ENGINE=InnoDB DEFAULT CHARSET=latin1;
/*!40101 SET character_set_client = @saved_cs_client */;

--
-- Dumping data for table `CUSTOMER_ATTRIBUTE`
--

LOCK TABLES `CUSTOMER_ATTRIBUTE` WRITE;
/*!40000 ALTER TABLE `CUSTOMER_ATTRIBUTE` DISABLE KEYS */;
/*!40000 ALTER TABLE `CUSTOMER_ATTRIBUTE` ENABLE KEYS */;
UNLOCK TABLES;

--
-- Table structure for table `CUSTOMER_GROUP`
--

DROP TABLE IF EXISTS `CUSTOMER_GROUP`;
/*!40101 SET @saved_cs_client     = @@character_set_client */;
/*!40101 SET character_set_client = utf8 */;
CREATE TABLE `CUSTOMER_GROUP` (
  `CUSTOMER_ID` bigint(20) NOT NULL,
  `GROUP_ID` int(11) NOT NULL,
  KEY `FK_7dgmjiv744ak7617blnsqm560` (`GROUP_ID`),
  KEY `FK_kmd61ih4bv0aaofdyel8d2se1` (`CUSTOMER_ID`),
  CONSTRAINT `FK_7dgmjiv744ak7617blnsqm560` FOREIGN KEY (`GROUP_ID`) REFERENCES `SM_GROUP` (`GROUP_ID`),
  CONSTRAINT `FK_kmd61ih4bv0aaofdyel8d2se1` FOREIGN KEY (`CUSTOMER_ID`) REFERENCES `CUSTOMER` (`CUSTOMER_ID`)
) ENGINE=InnoDB DEFAULT CHARSET=latin1;
/*!40101 SET character_set_client = @saved_cs_client */;

--
-- Dumping data for table `CUSTOMER_GROUP`
--

LOCK TABLES `CUSTOMER_GROUP` WRITE;
/*!40000 ALTER TABLE `CUSTOMER_GROUP` DISABLE KEYS */;
/*!40000 ALTER TABLE `CUSTOMER_GROUP` ENABLE KEYS */;
UNLOCK TABLES;

--
-- Table structure for table `CUSTOMER_OPTIN`
--

DROP TABLE IF EXISTS `CUSTOMER_OPTIN`;
/*!40101 SET @saved_cs_client     = @@character_set_client */;
/*!40101 SET character_set_client = utf8 */;
CREATE TABLE `CUSTOMER_OPTIN` (
  `CUSTOMER_OPTIN_ID` bigint(20) NOT NULL,
  `EMAIL` varchar(255) DEFAULT NULL,
  `FIRST` varchar(255) DEFAULT NULL,
  `LAST` varchar(255) DEFAULT NULL,
  `OPTIN_DATE` datetime DEFAULT NULL,
  `VALUE` longtext,
  `OPTIN_ID` bigint(20) DEFAULT NULL,
  PRIMARY KEY (`CUSTOMER_OPTIN_ID`),
  UNIQUE KEY `UK_c4fnyu0pvxxtrbko10rm1jqyw` (`EMAIL`,`OPTIN_ID`),
  KEY `FK_2sv3ldopc4d3h30rg4wxixvgw` (`OPTIN_ID`),
  CONSTRAINT `FK_2sv3ldopc4d3h30rg4wxixvgw` FOREIGN KEY (`OPTIN_ID`) REFERENCES `OPTIN` (`OPTIN_ID`)
) ENGINE=InnoDB DEFAULT CHARSET=latin1;
/*!40101 SET character_set_client = @saved_cs_client */;

--
-- Dumping data for table `CUSTOMER_OPTIN`
--

LOCK TABLES `CUSTOMER_OPTIN` WRITE;
/*!40000 ALTER TABLE `CUSTOMER_OPTIN` DISABLE KEYS */;
/*!40000 ALTER TABLE `CUSTOMER_OPTIN` ENABLE KEYS */;
UNLOCK TABLES;

--
-- Table structure for table `CUSTOMER_OPTION`
--

DROP TABLE IF EXISTS `CUSTOMER_OPTION`;
/*!40101 SET @saved_cs_client     = @@character_set_client */;
/*!40101 SET character_set_client = utf8 */;
CREATE TABLE `CUSTOMER_OPTION` (
  `CUSTOMER_OPTION_ID` bigint(20) NOT NULL,
  `CUSTOMER_OPT_ACTIVE` bit(1) DEFAULT NULL,
  `CUSTOMER_OPT_CODE` varchar(255) NOT NULL,
  `CUSTOMER_OPTION_TYPE` varchar(10) DEFAULT NULL,
  `CUSTOMER_OPT_PUBLIC` bit(1) DEFAULT NULL,
  `SORT_ORDER` int(11) DEFAULT NULL,
  `MERCHANT_ID` int(11) NOT NULL,
  PRIMARY KEY (`CUSTOMER_OPTION_ID`),
  UNIQUE KEY `UK_rov34a6g4dhhiqukvhp1ggm0u` (`MERCHANT_ID`,`CUSTOMER_OPT_CODE`),
  KEY `CUST_OPT_CODE_IDX` (`CUSTOMER_OPT_CODE`),
  CONSTRAINT `FK_c8hb7w6e4rle5vfjf4p96sh80` FOREIGN KEY (`MERCHANT_ID`) REFERENCES `MERCHANT_STORE` (`MERCHANT_ID`)
) ENGINE=InnoDB DEFAULT CHARSET=latin1;
/*!40101 SET character_set_client = @saved_cs_client */;

--
-- Dumping data for table `CUSTOMER_OPTION`
--

LOCK TABLES `CUSTOMER_OPTION` WRITE;
/*!40000 ALTER TABLE `CUSTOMER_OPTION` DISABLE KEYS */;
/*!40000 ALTER TABLE `CUSTOMER_OPTION` ENABLE KEYS */;
UNLOCK TABLES;

--
-- Table structure for table `CUSTOMER_OPTION_DESC`
--

DROP TABLE IF EXISTS `CUSTOMER_OPTION_DESC`;
/*!40101 SET @saved_cs_client     = @@character_set_client */;
/*!40101 SET character_set_client = utf8 */;
CREATE TABLE `CUSTOMER_OPTION_DESC` (
  `DESCRIPTION_ID` bigint(20) NOT NULL,
  `DATE_CREATED` datetime DEFAULT NULL,
  `DATE_MODIFIED` datetime DEFAULT NULL,
  `UPDT_ID` varchar(20) DEFAULT NULL,
  `DESCRIPTION` longtext,
  `NAME` varchar(120) NOT NULL,
  `TITLE` varchar(100) DEFAULT NULL,
  `CUSTOMER_OPTION_COMMENT` longtext,
  `LANGUAGE_ID` int(11) NOT NULL,
  `CUSTOMER_OPTION_ID` bigint(20) NOT NULL,
  PRIMARY KEY (`DESCRIPTION_ID`),
  UNIQUE KEY `UK_6ovl4t1ciag1wubtcebaoo7vi` (`CUSTOMER_OPTION_ID`,`LANGUAGE_ID`),
  KEY `FK_i3pt01q982o6f1eelf2wgg16a` (`LANGUAGE_ID`),
  CONSTRAINT `FK_i3pt01q982o6f1eelf2wgg16a` FOREIGN KEY (`LANGUAGE_ID`) REFERENCES `LANGUAGE` (`LANGUAGE_ID`),
  CONSTRAINT `FK_p7u6vmiivmpui2sytdt41u2ye` FOREIGN KEY (`CUSTOMER_OPTION_ID`) REFERENCES `CUSTOMER_OPTION` (`CUSTOMER_OPTION_ID`)
) ENGINE=InnoDB DEFAULT CHARSET=latin1;
/*!40101 SET character_set_client = @saved_cs_client */;

--
-- Dumping data for table `CUSTOMER_OPTION_DESC`
--

LOCK TABLES `CUSTOMER_OPTION_DESC` WRITE;
/*!40000 ALTER TABLE `CUSTOMER_OPTION_DESC` DISABLE KEYS */;
/*!40000 ALTER TABLE `CUSTOMER_OPTION_DESC` ENABLE KEYS */;
UNLOCK TABLES;

--
-- Table structure for table `CUSTOMER_OPTION_SET`
--

DROP TABLE IF EXISTS `CUSTOMER_OPTION_SET`;
/*!40101 SET @saved_cs_client     = @@character_set_client */;
/*!40101 SET character_set_client = utf8 */;
CREATE TABLE `CUSTOMER_OPTION_SET` (
  `CUSTOMER_OPTIONSET_ID` bigint(20) NOT NULL,
  `SORT_ORDER` int(11) DEFAULT NULL,
  `CUSTOMER_OPTION_ID` bigint(20) NOT NULL,
  `CUSTOMER_OPTION_VALUE_ID` bigint(20) NOT NULL,
  PRIMARY KEY (`CUSTOMER_OPTIONSET_ID`),
  UNIQUE KEY `UK_4peli2ritnnq2xqpyq188srm6` (`CUSTOMER_OPTION_ID`,`CUSTOMER_OPTION_VALUE_ID`),
  KEY `FK_8rommesmavdij4j64u80rnpf5` (`CUSTOMER_OPTION_VALUE_ID`),
  CONSTRAINT `FK_8rommesmavdij4j64u80rnpf5` FOREIGN KEY (`CUSTOMER_OPTION_VALUE_ID`) REFERENCES `CUSTOMER_OPTION_VALUE` (`CUSTOMER_OPTION_VALUE_ID`),
  CONSTRAINT `FK_nw8syffq9lv0p0nc0vvlecbba` FOREIGN KEY (`CUSTOMER_OPTION_ID`) REFERENCES `CUSTOMER_OPTION` (`CUSTOMER_OPTION_ID`)
) ENGINE=InnoDB DEFAULT CHARSET=latin1;
/*!40101 SET character_set_client = @saved_cs_client */;

--
-- Dumping data for table `CUSTOMER_OPTION_SET`
--

LOCK TABLES `CUSTOMER_OPTION_SET` WRITE;
/*!40000 ALTER TABLE `CUSTOMER_OPTION_SET` DISABLE KEYS */;
/*!40000 ALTER TABLE `CUSTOMER_OPTION_SET` ENABLE KEYS */;
UNLOCK TABLES;

--
-- Table structure for table `CUSTOMER_OPTION_VALUE`
--

DROP TABLE IF EXISTS `CUSTOMER_OPTION_VALUE`;
/*!40101 SET @saved_cs_client     = @@character_set_client */;
/*!40101 SET character_set_client = utf8 */;
CREATE TABLE `CUSTOMER_OPTION_VALUE` (
  `CUSTOMER_OPTION_VALUE_ID` bigint(20) NOT NULL,
  `CUSTOMER_OPT_VAL_CODE` varchar(255) NOT NULL,
  `CUSTOMER_OPT_VAL_IMAGE` varchar(255) DEFAULT NULL,
  `SORT_ORDER` int(11) DEFAULT NULL,
  `MERCHANT_ID` int(11) NOT NULL,
  PRIMARY KEY (`CUSTOMER_OPTION_VALUE_ID`),
  UNIQUE KEY `UK_cb1fmv71nrx7m1rlx1ff5qvdt` (`MERCHANT_ID`,`CUSTOMER_OPT_VAL_CODE`),
  KEY `CUST_OPT_VAL_CODE_IDX` (`CUSTOMER_OPT_VAL_CODE`),
  CONSTRAINT `FK_qbur9hs0qbtgl3f85l4c6s3yd` FOREIGN KEY (`MERCHANT_ID`) REFERENCES `MERCHANT_STORE` (`MERCHANT_ID`)
) ENGINE=InnoDB DEFAULT CHARSET=latin1;
/*!40101 SET character_set_client = @saved_cs_client */;

--
-- Dumping data for table `CUSTOMER_OPTION_VALUE`
--

LOCK TABLES `CUSTOMER_OPTION_VALUE` WRITE;
/*!40000 ALTER TABLE `CUSTOMER_OPTION_VALUE` DISABLE KEYS */;
/*!40000 ALTER TABLE `CUSTOMER_OPTION_VALUE` ENABLE KEYS */;
UNLOCK TABLES;

--
-- Table structure for table `CUSTOMER_OPT_VAL_DESCRIPTION`
--

DROP TABLE IF EXISTS `CUSTOMER_OPT_VAL_DESCRIPTION`;
/*!40101 SET @saved_cs_client     = @@character_set_client */;
/*!40101 SET character_set_client = utf8 */;
CREATE TABLE `CUSTOMER_OPT_VAL_DESCRIPTION` (
  `DESCRIPTION_ID` bigint(20) NOT NULL,
  `DATE_CREATED` datetime DEFAULT NULL,
  `DATE_MODIFIED` datetime DEFAULT NULL,
  `UPDT_ID` varchar(20) DEFAULT NULL,
  `DESCRIPTION` longtext,
  `NAME` varchar(120) NOT NULL,
  `TITLE` varchar(100) DEFAULT NULL,
  `LANGUAGE_ID` int(11) NOT NULL,
  `CUSTOMER_OPT_VAL_ID` bigint(20) DEFAULT NULL,
  PRIMARY KEY (`DESCRIPTION_ID`),
  UNIQUE KEY `UK_ge7f2t1d31r87wnk09h9u1tnv` (`CUSTOMER_OPT_VAL_ID`,`LANGUAGE_ID`),
  KEY `FK_5tan60tg9d812ti5hg0ch784f` (`LANGUAGE_ID`),
  CONSTRAINT `FK_5tan60tg9d812ti5hg0ch784f` FOREIGN KEY (`LANGUAGE_ID`) REFERENCES `LANGUAGE` (`LANGUAGE_ID`),
  CONSTRAINT `FK_sj4lco1gcmplvqlgfdbdpmtyn` FOREIGN KEY (`CUSTOMER_OPT_VAL_ID`) REFERENCES `CUSTOMER_OPTION_VALUE` (`CUSTOMER_OPTION_VALUE_ID`)
) ENGINE=InnoDB DEFAULT CHARSET=latin1;
/*!40101 SET character_set_client = @saved_cs_client */;

--
-- Dumping data for table `CUSTOMER_OPT_VAL_DESCRIPTION`
--

LOCK TABLES `CUSTOMER_OPT_VAL_DESCRIPTION` WRITE;
/*!40000 ALTER TABLE `CUSTOMER_OPT_VAL_DESCRIPTION` DISABLE KEYS */;
/*!40000 ALTER TABLE `CUSTOMER_OPT_VAL_DESCRIPTION` ENABLE KEYS */;
UNLOCK TABLES;

--
-- Table structure for table `CUSTOMER_REVIEW`
--

DROP TABLE IF EXISTS `CUSTOMER_REVIEW`;
/*!40101 SET @saved_cs_client     = @@character_set_client */;
/*!40101 SET character_set_client = utf8 */;
CREATE TABLE `CUSTOMER_REVIEW` (
  `CUSTOMER_REVIEW_ID` bigint(20) NOT NULL,
  `DATE_CREATED` datetime DEFAULT NULL,
  `DATE_MODIFIED` datetime DEFAULT NULL,
  `UPDT_ID` varchar(20) DEFAULT NULL,
  `REVIEW_DATE` datetime DEFAULT NULL,
  `REVIEWS_RATING` double DEFAULT NULL,
  `REVIEWS_READ` bigint(20) DEFAULT NULL,
  `STATUS` int(11) DEFAULT NULL,
  `CUSTOMERS_ID` bigint(20) DEFAULT NULL,
  `REVIEWED_CUSTOMER_ID` bigint(20) DEFAULT NULL,
  PRIMARY KEY (`CUSTOMER_REVIEW_ID`),
  UNIQUE KEY `UK_2momthbfrtgico2yyod8w18pk` (`CUSTOMERS_ID`,`REVIEWED_CUSTOMER_ID`),
  KEY `FK_iok46l7xqptpqplqleyxp72ew` (`REVIEWED_CUSTOMER_ID`),
  CONSTRAINT `FK_5pqg5kifmqcewf9tukkftbo99` FOREIGN KEY (`CUSTOMERS_ID`) REFERENCES `CUSTOMER` (`CUSTOMER_ID`),
  CONSTRAINT `FK_iok46l7xqptpqplqleyxp72ew` FOREIGN KEY (`REVIEWED_CUSTOMER_ID`) REFERENCES `CUSTOMER` (`CUSTOMER_ID`)
) ENGINE=InnoDB DEFAULT CHARSET=latin1;
/*!40101 SET character_set_client = @saved_cs_client */;

--
-- Dumping data for table `CUSTOMER_REVIEW`
--

LOCK TABLES `CUSTOMER_REVIEW` WRITE;
/*!40000 ALTER TABLE `CUSTOMER_REVIEW` DISABLE KEYS */;
/*!40000 ALTER TABLE `CUSTOMER_REVIEW` ENABLE KEYS */;
UNLOCK TABLES;

--
-- Table structure for table `CUSTOMER_REVIEW_DESCRIPTION`
--

DROP TABLE IF EXISTS `CUSTOMER_REVIEW_DESCRIPTION`;
/*!40101 SET @saved_cs_client     = @@character_set_client */;
/*!40101 SET character_set_client = utf8 */;
CREATE TABLE `CUSTOMER_REVIEW_DESCRIPTION` (
  `DESCRIPTION_ID` bigint(20) NOT NULL,
  `DATE_CREATED` datetime DEFAULT NULL,
  `DATE_MODIFIED` datetime DEFAULT NULL,
  `UPDT_ID` varchar(20) DEFAULT NULL,
  `DESCRIPTION` longtext,
  `NAME` varchar(120) NOT NULL,
  `TITLE` varchar(100) DEFAULT NULL,
  `LANGUAGE_ID` int(11) NOT NULL,
  `CUSTOMER_REVIEW_ID` bigint(20) DEFAULT NULL,
  PRIMARY KEY (`DESCRIPTION_ID`),
  UNIQUE KEY `UK_1va9q0nhoe3wli25ktpmouvyh` (`CUSTOMER_REVIEW_ID`,`LANGUAGE_ID`),
  KEY `FK_q28ohfcbdwexg6oojcft90adr` (`LANGUAGE_ID`),
  CONSTRAINT `FK_15vh2djpyycr278wc2dvu99xf` FOREIGN KEY (`CUSTOMER_REVIEW_ID`) REFERENCES `CUSTOMER_REVIEW` (`CUSTOMER_REVIEW_ID`),
  CONSTRAINT `FK_q28ohfcbdwexg6oojcft90adr` FOREIGN KEY (`LANGUAGE_ID`) REFERENCES `LANGUAGE` (`LANGUAGE_ID`)
) ENGINE=InnoDB DEFAULT CHARSET=latin1;
/*!40101 SET character_set_client = @saved_cs_client */;

--
-- Dumping data for table `CUSTOMER_REVIEW_DESCRIPTION`
--

LOCK TABLES `CUSTOMER_REVIEW_DESCRIPTION` WRITE;
/*!40000 ALTER TABLE `CUSTOMER_REVIEW_DESCRIPTION` DISABLE KEYS */;
/*!40000 ALTER TABLE `CUSTOMER_REVIEW_DESCRIPTION` ENABLE KEYS */;
UNLOCK TABLES;

--
-- Table structure for table `FILE_HISTORY`
--

DROP TABLE IF EXISTS `FILE_HISTORY`;
/*!40101 SET @saved_cs_client     = @@character_set_client */;
/*!40101 SET character_set_client = utf8 */;
CREATE TABLE `FILE_HISTORY` (
  `FILE_HISTORY_ID` bigint(20) NOT NULL,
  `ACCOUNTED_DATE` datetime DEFAULT NULL,
  `DATE_ADDED` datetime NOT NULL,
  `DATE_DELETED` datetime DEFAULT NULL,
  `DOWNLOAD_COUNT` int(11) NOT NULL,
  `FILE_ID` bigint(20) DEFAULT NULL,
  `FILESIZE` int(11) NOT NULL,
  `MERCHANT_ID` int(11) NOT NULL,
  PRIMARY KEY (`FILE_HISTORY_ID`),
  UNIQUE KEY `UK_av35sb3v4nxq8v1n1rkxufir` (`MERCHANT_ID`,`FILE_ID`),
  CONSTRAINT `FK_5p2nkrcj0b8k5r3mv3lijif45` FOREIGN KEY (`MERCHANT_ID`) REFERENCES `MERCHANT_STORE` (`MERCHANT_ID`)
) ENGINE=InnoDB DEFAULT CHARSET=latin1;
/*!40101 SET character_set_client = @saved_cs_client */;

--
-- Dumping data for table `FILE_HISTORY`
--

LOCK TABLES `FILE_HISTORY` WRITE;
/*!40000 ALTER TABLE `FILE_HISTORY` DISABLE KEYS */;
/*!40000 ALTER TABLE `FILE_HISTORY` ENABLE KEYS */;
UNLOCK TABLES;

--
-- Table structure for table `GEOZONE`
--

DROP TABLE IF EXISTS `GEOZONE`;
/*!40101 SET @saved_cs_client     = @@character_set_client */;
/*!40101 SET character_set_client = utf8 */;
CREATE TABLE `GEOZONE` (
  `GEOZONE_ID` bigint(20) NOT NULL,
  `GEOZONE_CODE` varchar(255) DEFAULT NULL,
  `GEOZONE_NAME` varchar(255) DEFAULT NULL,
  PRIMARY KEY (`GEOZONE_ID`)
) ENGINE=InnoDB DEFAULT CHARSET=latin1;
/*!40101 SET character_set_client = @saved_cs_client */;

--
-- Dumping data for table `GEOZONE`
--

LOCK TABLES `GEOZONE` WRITE;
/*!40000 ALTER TABLE `GEOZONE` DISABLE KEYS */;
/*!40000 ALTER TABLE `GEOZONE` ENABLE KEYS */;
UNLOCK TABLES;

--
-- Table structure for table `GEOZONE_DESCRIPTION`
--

DROP TABLE IF EXISTS `GEOZONE_DESCRIPTION`;
/*!40101 SET @saved_cs_client     = @@character_set_client */;
/*!40101 SET character_set_client = utf8 */;
CREATE TABLE `GEOZONE_DESCRIPTION` (
  `DESCRIPTION_ID` bigint(20) NOT NULL,
  `DATE_CREATED` datetime DEFAULT NULL,
  `DATE_MODIFIED` datetime DEFAULT NULL,
  `UPDT_ID` varchar(20) DEFAULT NULL,
  `DESCRIPTION` longtext,
  `NAME` varchar(120) NOT NULL,
  `TITLE` varchar(100) DEFAULT NULL,
  `LANGUAGE_ID` int(11) NOT NULL,
  `GEOZONE_ID` bigint(20) DEFAULT NULL,
  PRIMARY KEY (`DESCRIPTION_ID`),
  UNIQUE KEY `UK_soq8o99w3c8ys3ntamt5i4mat` (`GEOZONE_ID`,`LANGUAGE_ID`),
  KEY `FK_1lcbkc4tt49q5qbue3m9p29c2` (`LANGUAGE_ID`),
  CONSTRAINT `FK_1lcbkc4tt49q5qbue3m9p29c2` FOREIGN KEY (`LANGUAGE_ID`) REFERENCES `LANGUAGE` (`LANGUAGE_ID`),
  CONSTRAINT `FK_m2xipv66da4ujekwbwxuyhmb8` FOREIGN KEY (`GEOZONE_ID`) REFERENCES `GEOZONE` (`GEOZONE_ID`)
) ENGINE=InnoDB DEFAULT CHARSET=latin1;
/*!40101 SET character_set_client = @saved_cs_client */;

--
-- Dumping data for table `GEOZONE_DESCRIPTION`
--

LOCK TABLES `GEOZONE_DESCRIPTION` WRITE;
/*!40000 ALTER TABLE `GEOZONE_DESCRIPTION` DISABLE KEYS */;
/*!40000 ALTER TABLE `GEOZONE_DESCRIPTION` ENABLE KEYS */;
UNLOCK TABLES;

--
-- Table structure for table `LANGUAGE`
--

DROP TABLE IF EXISTS `LANGUAGE`;
/*!40101 SET @saved_cs_client     = @@character_set_client */;
/*!40101 SET character_set_client = utf8 */;
CREATE TABLE `LANGUAGE` (
  `LANGUAGE_ID` int(11) NOT NULL,
  `DATE_CREATED` datetime DEFAULT NULL,
  `DATE_MODIFIED` datetime DEFAULT NULL,
  `UPDT_ID` varchar(20) DEFAULT NULL,
  `CODE` varchar(255) NOT NULL,
  `SORT_ORDER` int(11) DEFAULT NULL,
  PRIMARY KEY (`LANGUAGE_ID`)
) ENGINE=InnoDB DEFAULT CHARSET=latin1;
/*!40101 SET character_set_client = @saved_cs_client */;

--
-- Dumping data for table `LANGUAGE`
--

LOCK TABLES `LANGUAGE` WRITE;
/*!40000 ALTER TABLE `LANGUAGE` DISABLE KEYS */;
INSERT INTO `LANGUAGE` VALUES (1,'2018-12-31 21:30:17','2018-12-31 21:30:17',NULL,'en',NULL);
/*!40000 ALTER TABLE `LANGUAGE` ENABLE KEYS */;
UNLOCK TABLES;

--
-- Table structure for table `MANUFACTURER`
--

DROP TABLE IF EXISTS `MANUFACTURER`;
/*!40101 SET @saved_cs_client     = @@character_set_client */;
/*!40101 SET character_set_client = utf8 */;
CREATE TABLE `MANUFACTURER` (
  `MANUFACTURER_ID` bigint(20) NOT NULL,
  `DATE_CREATED` datetime DEFAULT NULL,
  `DATE_MODIFIED` datetime DEFAULT NULL,
  `UPDT_ID` varchar(20) DEFAULT NULL,
  `CODE` varchar(100) NOT NULL,
  `MANUFACTURER_IMAGE` varchar(255) DEFAULT NULL,
  `SORT_ORDER` int(11) DEFAULT NULL,
  `MERCHANT_ID` int(11) NOT NULL,
  PRIMARY KEY (`MANUFACTURER_ID`),
  UNIQUE KEY `UK_6brqfdkga7jc78n8dh3v595y3` (`MERCHANT_ID`,`CODE`),
  CONSTRAINT `FK_6a0xjjrya6f08ys6bm5tr84q5` FOREIGN KEY (`MERCHANT_ID`) REFERENCES `MERCHANT_STORE` (`MERCHANT_ID`)
) ENGINE=InnoDB DEFAULT CHARSET=latin1;
/*!40101 SET character_set_client = @saved_cs_client */;

--
-- Dumping data for table `MANUFACTURER`
--

LOCK TABLES `MANUFACTURER` WRITE;
/*!40000 ALTER TABLE `MANUFACTURER` DISABLE KEYS */;
INSERT INTO `MANUFACTURER` VALUES (1,'2018-12-31 21:30:21','2018-12-31 21:30:21',NULL,'DEFAULT',NULL,0,1);
/*!40000 ALTER TABLE `MANUFACTURER` ENABLE KEYS */;
UNLOCK TABLES;

--
-- Table structure for table `MANUFACTURER_DESCRIPTION`
--

DROP TABLE IF EXISTS `MANUFACTURER_DESCRIPTION`;
/*!40101 SET @saved_cs_client     = @@character_set_client */;
/*!40101 SET character_set_client = utf8 */;
CREATE TABLE `MANUFACTURER_DESCRIPTION` (
  `DESCRIPTION_ID` bigint(20) NOT NULL,
  `DATE_CREATED` datetime DEFAULT NULL,
  `DATE_MODIFIED` datetime DEFAULT NULL,
  `UPDT_ID` varchar(20) DEFAULT NULL,
  `DESCRIPTION` longtext,
  `NAME` varchar(120) NOT NULL,
  `TITLE` varchar(100) DEFAULT NULL,
  `DATE_LAST_CLICK` datetime DEFAULT NULL,
  `MANUFACTURERS_URL` varchar(255) DEFAULT NULL,
  `URL_CLICKED` int(11) DEFAULT NULL,
  `LANGUAGE_ID` int(11) NOT NULL,
  `MANUFACTURER_ID` bigint(20) NOT NULL,
  PRIMARY KEY (`DESCRIPTION_ID`),
  UNIQUE KEY `UK_lpv09p83sc887clxe04nroup6` (`MANUFACTURER_ID`,`LANGUAGE_ID`),
  KEY `FK_886779uo5mvsjx1aflijs3ldi` (`LANGUAGE_ID`),
  CONSTRAINT `FK_1o49ome5ymq7n6xabxylr6fmg` FOREIGN KEY (`MANUFACTURER_ID`) REFERENCES `MANUFACTURER` (`MANUFACTURER_ID`),
  CONSTRAINT `FK_886779uo5mvsjx1aflijs3ldi` FOREIGN KEY (`LANGUAGE_ID`) REFERENCES `LANGUAGE` (`LANGUAGE_ID`)
) ENGINE=InnoDB DEFAULT CHARSET=latin1;
/*!40101 SET character_set_client = @saved_cs_client */;

--
-- Dumping data for table `MANUFACTURER_DESCRIPTION`
--

LOCK TABLES `MANUFACTURER_DESCRIPTION` WRITE;
/*!40000 ALTER TABLE `MANUFACTURER_DESCRIPTION` DISABLE KEYS */;
INSERT INTO `MANUFACTURER_DESCRIPTION` VALUES (300,'2018-12-31 21:30:21','2018-12-31 21:30:21',NULL,'DEFAULT','DEFAULT',NULL,NULL,NULL,NULL,1,1);
/*!40000 ALTER TABLE `MANUFACTURER_DESCRIPTION` ENABLE KEYS */;
UNLOCK TABLES;

--
-- Table structure for table `MERCHANT_CONFIGURATION`
--

DROP TABLE IF EXISTS `MERCHANT_CONFIGURATION`;
/*!40101 SET @saved_cs_client     = @@character_set_client */;
/*!40101 SET character_set_client = utf8 */;
CREATE TABLE `MERCHANT_CONFIGURATION` (
  `MERCHANT_CONFIG_ID` bigint(20) NOT NULL,
  `DATE_CREATED` datetime DEFAULT NULL,
  `DATE_MODIFIED` datetime DEFAULT NULL,
  `UPDT_ID` varchar(20) DEFAULT NULL,
  `CONFIG_KEY` varchar(255) DEFAULT NULL,
  `TYPE` varchar(255) DEFAULT NULL,
  `VALUE` longtext,
  `MERCHANT_ID` int(11) DEFAULT NULL,
  PRIMARY KEY (`MERCHANT_CONFIG_ID`),
  UNIQUE KEY `UK_j0c3h8onw3m6hjcr3yylst9fb` (`MERCHANT_ID`,`CONFIG_KEY`),
  CONSTRAINT `FK_4hwqhy43w922otscgfah9d30a` FOREIGN KEY (`MERCHANT_ID`) REFERENCES `MERCHANT_STORE` (`MERCHANT_ID`)
) ENGINE=InnoDB DEFAULT CHARSET=latin1;
/*!40101 SET character_set_client = @saved_cs_client */;

--
-- Dumping data for table `MERCHANT_CONFIGURATION`
--

LOCK TABLES `MERCHANT_CONFIGURATION` WRITE;
/*!40000 ALTER TABLE `MERCHANT_CONFIGURATION` DISABLE KEYS */;
INSERT INTO `MERCHANT_CONFIGURATION` VALUES (1,'2018-12-31 21:30:21','2018-12-31 21:30:21',NULL,'CONFIG','CONFIG','{\"allowPurchaseItems\":true,\"displayContactUs\":false,\"displayCustomerAgreement\":false,\"defaultSearchConfigPath\":{},\"displayCustomerSection\":false,\"displayAddToCartOnFeaturedItems\":true,\"testMode\":false,\"displayStoreAddress\":false,\"displaySearchBox\":true,\"debugMode\":false,\"useDefaultSearchConfig\":{}}',1),(2,'2018-12-31 22:35:37','2018-12-31 22:35:37',NULL,'PAYMENT','INTEGRATION','df02614ab6600db0eb4d78e2c4df5574ce172c6d7f959eddfac2dd2de680dec3adf3483aea96b37f23df2033b89a0c828d51359acdbfbbf2cb8be89aa7bf06402ac17fe884bb140e7cd89ccdd00d2ec441b93efb14f58c5d0e70eabd72f2cd85bf834b4c73fa0887fc64729cef43999be54e7337296ff20cf5fb6bc591bd43bff5ee3938835c28cd97ff9c439aaf9adc78f227b5b22e922dae193952af8b6cbc95e1bf096ffc242eb6cf37b4cd5f351558b6c0d38aaf4584d2a1b3f89bf0a52499bf1947d60a1906eb6cac1b421146c0',1);
/*!40000 ALTER TABLE `MERCHANT_CONFIGURATION` ENABLE KEYS */;
UNLOCK TABLES;

--
-- Table structure for table `MERCHANT_LANGUAGE`
--

DROP TABLE IF EXISTS `MERCHANT_LANGUAGE`;
/*!40101 SET @saved_cs_client     = @@character_set_client */;
/*!40101 SET character_set_client = utf8 */;
CREATE TABLE `MERCHANT_LANGUAGE` (
  `stores_MERCHANT_ID` int(11) NOT NULL,
  `languages_LANGUAGE_ID` int(11) NOT NULL,
  KEY `FK_53o35arh6914xpjlfkk9fg7hr` (`languages_LANGUAGE_ID`),
  KEY `FK_otl5jb3ntlujif2krkk7f1hfc` (`stores_MERCHANT_ID`),
  CONSTRAINT `FK_53o35arh6914xpjlfkk9fg7hr` FOREIGN KEY (`languages_LANGUAGE_ID`) REFERENCES `LANGUAGE` (`LANGUAGE_ID`),
  CONSTRAINT `FK_otl5jb3ntlujif2krkk7f1hfc` FOREIGN KEY (`stores_MERCHANT_ID`) REFERENCES `MERCHANT_STORE` (`MERCHANT_ID`)
) ENGINE=InnoDB DEFAULT CHARSET=latin1;
/*!40101 SET character_set_client = @saved_cs_client */;

--
-- Dumping data for table `MERCHANT_LANGUAGE`
--

LOCK TABLES `MERCHANT_LANGUAGE` WRITE;
/*!40000 ALTER TABLE `MERCHANT_LANGUAGE` DISABLE KEYS */;
INSERT INTO `MERCHANT_LANGUAGE` VALUES (1,1);
/*!40000 ALTER TABLE `MERCHANT_LANGUAGE` ENABLE KEYS */;
UNLOCK TABLES;

--
-- Table structure for table `MERCHANT_LOG`
--

DROP TABLE IF EXISTS `MERCHANT_LOG`;
/*!40101 SET @saved_cs_client     = @@character_set_client */;
/*!40101 SET character_set_client = utf8 */;
CREATE TABLE `MERCHANT_LOG` (
  `MERCHANT_LOG_ID` bigint(20) NOT NULL,
  `LOG` longtext,
  `MODULE` varchar(25) DEFAULT NULL,
  `MERCHANT_ID` int(11) NOT NULL,
  PRIMARY KEY (`MERCHANT_LOG_ID`),
  KEY `FK_g76deolju6sf5ikvoe5ir23q3` (`MERCHANT_ID`),
  CONSTRAINT `FK_g76deolju6sf5ikvoe5ir23q3` FOREIGN KEY (`MERCHANT_ID`) REFERENCES `MERCHANT_STORE` (`MERCHANT_ID`)
) ENGINE=InnoDB DEFAULT CHARSET=latin1;
/*!40101 SET character_set_client = @saved_cs_client */;

--
-- Dumping data for table `MERCHANT_LOG`
--

LOCK TABLES `MERCHANT_LOG` WRITE;
/*!40000 ALTER TABLE `MERCHANT_LOG` DISABLE KEYS */;
/*!40000 ALTER TABLE `MERCHANT_LOG` ENABLE KEYS */;
UNLOCK TABLES;

--
-- Table structure for table `MERCHANT_STORE`
--

DROP TABLE IF EXISTS `MERCHANT_STORE`;
/*!40101 SET @saved_cs_client     = @@character_set_client */;
/*!40101 SET character_set_client = utf8 */;
CREATE TABLE `MERCHANT_STORE` (
  `MERCHANT_ID` int(11) NOT NULL,
  `STORE_CODE` varchar(100) NOT NULL,
  `CONTINUESHOPPINGURL` varchar(150) DEFAULT NULL,
  `CURRENCY_FORMAT_NATIONAL` bit(1) DEFAULT NULL,
  `DOMAIN_NAME` varchar(80) DEFAULT NULL,
  `IN_BUSINESS_SINCE` date DEFAULT NULL,
  `INVOICE_TEMPLATE` varchar(25) DEFAULT NULL,
  `SEIZEUNITCODE` varchar(5) DEFAULT NULL,
  `STORE_EMAIL` varchar(60) NOT NULL,
  `STORE_LOGO` varchar(100) DEFAULT NULL,
  `STORE_TEMPLATE` varchar(25) DEFAULT NULL,
  `STORE_ADDRESS` varchar(255) DEFAULT NULL,
  `STORE_CITY` varchar(100) NOT NULL,
  `STORE_NAME` varchar(100) NOT NULL,
  `STORE_PHONE` varchar(50) NOT NULL,
  `STORE_POSTAL_CODE` varchar(15) NOT NULL,
  `STORE_STATE_PROV` varchar(100) DEFAULT NULL,
  `USE_CACHE` bit(1) DEFAULT NULL,
  `WEIGHTUNITCODE` varchar(5) DEFAULT NULL,
  `COUNTRY_ID` int(11) NOT NULL,
  `CURRENCY_ID` bigint(20) NOT NULL,
  `LANGUAGE_ID` int(11) NOT NULL,
  `ZONE_ID` bigint(20) DEFAULT NULL,
  PRIMARY KEY (`MERCHANT_ID`),
  UNIQUE KEY `UK_4pvtsnqv4nlao8725n9ldpguf` (`STORE_CODE`),
  KEY `FK_4k1mv6pikwues6f2uhnju0aj6` (`COUNTRY_ID`),
  KEY `FK_4uyyjjys5buui6oe3vp84k5ip` (`CURRENCY_ID`),
  KEY `FK_tcj9cbm9ur5itu2c6wrct1dnq` (`LANGUAGE_ID`),
  KEY `FK_141243r2vth00rq0lyem39abo` (`ZONE_ID`),
  CONSTRAINT `FK_141243r2vth00rq0lyem39abo` FOREIGN KEY (`ZONE_ID`) REFERENCES `ZONE` (`ZONE_ID`),
  CONSTRAINT `FK_4k1mv6pikwues6f2uhnju0aj6` FOREIGN KEY (`COUNTRY_ID`) REFERENCES `COUNTRY` (`COUNTRY_ID`),
  CONSTRAINT `FK_4uyyjjys5buui6oe3vp84k5ip` FOREIGN KEY (`CURRENCY_ID`) REFERENCES `CURRENCY` (`CURRENCY_ID`),
  CONSTRAINT `FK_tcj9cbm9ur5itu2c6wrct1dnq` FOREIGN KEY (`LANGUAGE_ID`) REFERENCES `LANGUAGE` (`LANGUAGE_ID`)
) ENGINE=InnoDB DEFAULT CHARSET=latin1;
/*!40101 SET character_set_client = @saved_cs_client */;

--
-- Dumping data for table `MERCHANT_STORE`
--

LOCK TABLES `MERCHANT_STORE` WRITE;
/*!40000 ALTER TABLE `MERCHANT_STORE` DISABLE KEYS */;
INSERT INTO `MERCHANT_STORE` VALUES (1,'DEFAULT',NULL,'\0','localhost:8080','2018-12-31',NULL,'IN','john@test.com',NULL,'generic','1234 Street address','My city','Default store','888-888-8888','H2H-2H2',NULL,'\0','LB',13,105,1,8);
/*!40000 ALTER TABLE `MERCHANT_STORE` ENABLE KEYS */;
UNLOCK TABLES;

--
-- Table structure for table `MODULE_CONFIGURATION`
--

DROP TABLE IF EXISTS `MODULE_CONFIGURATION`;
/*!40101 SET @saved_cs_client     = @@character_set_client */;
/*!40101 SET character_set_client = utf8 */;
CREATE TABLE `MODULE_CONFIGURATION` (
  `MODULE_CONF_ID` bigint(20) NOT NULL,
  `DATE_CREATED` datetime DEFAULT NULL,
  `DATE_MODIFIED` datetime DEFAULT NULL,
  `UPDT_ID` varchar(20) DEFAULT NULL,
  `CODE` varchar(255) NOT NULL,
  `DETAILS` longtext,
  `CONFIGURATION` longtext,
  `CUSTOM_IND` bit(1) DEFAULT NULL,
  `IMAGE` varchar(255) DEFAULT NULL,
  `MODULE` varchar(255) DEFAULT NULL,
  `REGIONS` varchar(255) DEFAULT NULL,
  `TYPE` varchar(255) DEFAULT NULL,
  PRIMARY KEY (`MODULE_CONF_ID`)
) ENGINE=InnoDB DEFAULT CHARSET=latin1;
/*!40101 SET character_set_client = @saved_cs_client */;

--
-- Dumping data for table `MODULE_CONFIGURATION`
--

LOCK TABLES `MODULE_CONFIGURATION` WRITE;
/*!40000 ALTER TABLE `MODULE_CONFIGURATION` DISABLE KEYS */;
INSERT INTO `MODULE_CONFIGURATION` VALUES (1,'2018-12-31 21:30:20','2018-12-31 21:30:20',NULL,'usps',NULL,'[{\"scheme\":\"http\",\"host\":\"testing.shippingapis.com\",\"port\":\"80\",\"uri\":\"/ShippingAPI.dll\",\"env\":\"TEST\",\"config1\":null,\"config2\":null},{\"scheme\":\"http\",\"host\":\"production.shippingapis.com\",\"port\":\"80\",\"uri\":\"/ShippingAPI.dll\",\"env\":\"PROD\",\"config1\":null,\"config2\":null}]','\0','usps.jpg','SHIPPING','[\"US\"]',NULL),(2,'2018-12-31 21:30:20','2018-12-31 21:30:20',NULL,'canadapost',NULL,'[{\"scheme\":\"https\",\"host\":\"ct.soa-gw.canadapost.ca\",\"port\":\"443\",\"uri\":\"/rs/ship/price\",\"env\":\"TEST\",\"config1\":null,\"config2\":null},{\"scheme\":\"https\",\"host\":\"soa-gw.canadapost.ca\",\"port\":\"443\",\"uri\":\"/rs/ship/price\",\"env\":\"PROD\",\"config1\":null,\"config2\":null}]','\0','canadapost.jpg','SHIPPING','[\"CA\"]',NULL),(3,'2018-12-31 21:30:20','2018-12-31 21:30:20',NULL,'ups','{\"01\":\"UPS Next Day Air\",\"02\":\"UPS Second Day Air\",\"03\":\"UPS Ground\",\"07\":\"UPS Worldwide Express\",\"08\":\"UPS Worldwide Expedited\",\"11\":\"UPS Standard\",\"12\":\"UPS Three-Day Select\",\"13\":\"UPS Next Day Air Saver\",\"14\":\"UPS Next Day Air Early A.M.\",\"54\":\"UPS Worldwide Express Plus\",\"59\":\"UPS Second Day Air A.M.\",\"69\":\"UPS Saver\"}','[{\"scheme\":\"https\",\"host\":\"wwwcie.ups.com\",\"port\":\"443\",\"uri\":\"/ups.app/xml/Rate\",\"env\":\"TEST\",\"config1\":null,\"config2\":null},{\"scheme\":\"https\",\"host\":\"onlinetools.ups.com\",\"port\":\"443\",\"uri\":\"/xml/Rate\",\"env\":\"PROD\",\"config1\":null,\"config2\":null}]','\0','ups.jpg','SHIPPING','[\"US\",\"CA\",\"FR\",\"GB\"]',NULL),(4,'2018-12-31 21:30:20','2018-12-31 21:30:20',NULL,'weightBased',NULL,NULL,'',NULL,'SHIPPING','[\"*\"]',NULL),(5,'2018-12-31 21:30:20','2018-12-31 21:30:20',NULL,'customQuotesRules',NULL,NULL,'\0',NULL,'SHIPPING','[\"*\"]',NULL),(6,'2018-12-31 21:30:20','2018-12-31 21:30:20',NULL,'priceByDistance',NULL,NULL,'\0',NULL,'SHIPPING','[\"*\"]',NULL),(7,'2018-12-31 21:30:20','2018-12-31 21:30:20',NULL,'storePickUp',NULL,NULL,'\0',NULL,'SHIPPING','[\"*\"]',NULL),(8,'2018-12-31 21:30:20','2018-12-31 21:30:20',NULL,'moneyorder',NULL,NULL,'\0','moneyorder.gif','PAYMENT','[\"*\"]','moneyorder'),(9,'2018-12-31 21:30:20','2018-12-31 21:30:20',NULL,'paypal-express-checkout',NULL,'[{\"scheme\":\"\",\"host\":\"\",\"port\":\"\",\"uri\":\"\",\"env\":\"TEST\",\"config1\":\"https://www.sandbox.paypal.com/cgi-bin/webscr?cmd=_express-checkout&token=\",\"config2\":null},{\"scheme\":\"\",\"host\":\"\",\"port\":\"\",\"uri\":\"\",\"env\":\"PROD\",\"config1\":\"https://www.paypal.com/cgi-bin/webscr?cmd=_express-checkout&token=\",\"config2\":null}]','\0','icon-paypal.png','PAYMENT','[\"*\"]','paypal'),(10,'2018-12-31 21:30:20','2018-12-31 21:30:20',NULL,'beanstream',NULL,'[{\"scheme\":\"https\",\"host\":\"www.beanstream.com\",\"port\":\"443\",\"uri\":\"/scripts/process_transaction.asp\",\"env\":\"TEST\",\"config1\":null,\"config2\":null},{\"scheme\":\"https\",\"host\":\"www.beanstream.com\",\"port\":\"443\",\"uri\":\"/scripts/process_transaction.asp\",\"env\":\"PROD\",\"config1\":null,\"config2\":null}]','\0','beanstream.gif','PAYMENT','[\"US\",\"CA\",\"GB\"]','creditcard'),(11,'2018-12-31 21:30:20','2018-12-31 21:30:20',NULL,'stripe',NULL,'[{\"scheme\":\"https\",\"host\":\"www.stripe.com\",\"port\":\"443\",\"uri\":\"/\",\"env\":\"TEST\",\"config1\":null,\"config2\":null},{\"scheme\":\"https\",\"host\":\"www.stripe.com\",\"port\":\"443\",\"uri\":\"/\",\"env\":\"PROD\",\"config1\":null,\"config2\":null}]','\0','stripe.png','PAYMENT','[\"US\",\"CA\",\"GB\",\"AU\",\"FI\",\"DK\",\"IE\",\"NO\",\"SE\"]','creditcard'),(12,'2018-12-31 21:30:20','2018-12-31 21:30:20',NULL,'braintree',NULL,'[{\"scheme\":\"https\",\"host\":\"NOTREQUIRED\",\"port\":\"NOTREQUIRED\",\"uri\":\"NOTREQUIRED\",\"env\":\"TEST\",\"config1\":null,\"config2\":null},{\"scheme\":\"https\",\"host\":\"NOTREQUIRED\",\"port\":\"NOTREQUIRED\",\"uri\":\"NOTREQUIRED\",\"env\":\"PROD\",\"config1\":null,\"config2\":null}]','\0','braintree.jpg','PAYMENT','[\"US\",\"CA\",\"GB\",\"AU\",\"FI\",\"DK\",\"IE\",\"NO\",\"SE\",\"AL\",\"AD\",\"AT\",\"BY\",\"BE\",\"BG\",\"HY\",\"CY\",\"CZ\",\"FR\",\"GR\",\"IS\",\"IE\",\"IM\",\"IT\",\"PL\",\"LU\",\"CH\",\"RS\",\"SG\",\"MY\",\"HK\",\"NZ\"]','creditcard');
/*!40000 ALTER TABLE `MODULE_CONFIGURATION` ENABLE KEYS */;
UNLOCK TABLES;

--
-- Table structure for table `OPTIN`
--

DROP TABLE IF EXISTS `OPTIN`;
/*!40101 SET @saved_cs_client     = @@character_set_client */;
/*!40101 SET character_set_client = utf8 */;
CREATE TABLE `OPTIN` (
  `OPTIN_ID` bigint(20) NOT NULL,
  `CODE` varchar(255) NOT NULL,
  `DESCRIPTION` varchar(255) DEFAULT NULL,
  `END_DATE` datetime DEFAULT NULL,
  `START_DATE` datetime DEFAULT NULL,
  `MERCHANT_ID` int(11) DEFAULT NULL,
  PRIMARY KEY (`OPTIN_ID`),
  UNIQUE KEY `UK_manlx6siq6ddf14cud40k8gw6` (`MERCHANT_ID`,`CODE`),
  CONSTRAINT `FK_78lse42pdfcesqv7t666puqqi` FOREIGN KEY (`MERCHANT_ID`) REFERENCES `MERCHANT_STORE` (`MERCHANT_ID`)
) ENGINE=InnoDB DEFAULT CHARSET=latin1;
/*!40101 SET character_set_client = @saved_cs_client */;

--
-- Dumping data for table `OPTIN`
--

LOCK TABLES `OPTIN` WRITE;
/*!40000 ALTER TABLE `OPTIN` DISABLE KEYS */;
/*!40000 ALTER TABLE `OPTIN` ENABLE KEYS */;
UNLOCK TABLES;

--
-- Table structure for table `ORDERS`
--

DROP TABLE IF EXISTS `ORDERS`;
/*!40101 SET @saved_cs_client     = @@character_set_client */;
/*!40101 SET character_set_client = utf8 */;
CREATE TABLE `ORDERS` (
  `ORDER_ID` bigint(20) NOT NULL,
  `BILLING_STREET_ADDRESS` varchar(256) DEFAULT NULL,
  `BILLING_CITY` varchar(100) DEFAULT NULL,
  `BILLING_COMPANY` varchar(100) DEFAULT NULL,
  `BILLING_FIRST_NAME` varchar(64) NOT NULL,
  `BILLING_LAST_NAME` varchar(64) NOT NULL,
  `LATITUDE` varchar(100) DEFAULT NULL,
  `LONGITUDE` varchar(100) DEFAULT NULL,
  `BILLING_POSTCODE` varchar(20) DEFAULT NULL,
  `BILLING_STATE` varchar(100) DEFAULT NULL,
  `BILLING_TELEPHONE` varchar(32) DEFAULT NULL,
  `CHANNEL` varchar(255) DEFAULT NULL,
  `CONFIRMED_ADDRESS` bit(1) DEFAULT NULL,
  `CARD_TYPE` varchar(255) DEFAULT NULL,
  `CC_CVV` varchar(255) DEFAULT NULL,
  `CC_EXPIRES` varchar(255) DEFAULT NULL,
  `CC_NUMBER` varchar(255) DEFAULT NULL,
  `CC_OWNER` varchar(255) DEFAULT NULL,
  `CURRENCY_VALUE` decimal(19,2) DEFAULT NULL,
  `CUSTOMER_AGREED` bit(1) DEFAULT NULL,
  `CUSTOMER_EMAIL_ADDRESS` varchar(50) NOT NULL,
  `CUSTOMER_ID` bigint(20) DEFAULT NULL,
  `DATE_PURCHASED` date DEFAULT NULL,
  `DELIVERY_STREET_ADDRESS` varchar(256) DEFAULT NULL,
  `DELIVERY_CITY` varchar(100) DEFAULT NULL,
  `DELIVERY_COMPANY` varchar(100) DEFAULT NULL,
  `DELIVERY_FIRST_NAME` varchar(64) DEFAULT NULL,
  `DELIVERY_LAST_NAME` varchar(64) DEFAULT NULL,
  `DELIVERY_POSTCODE` varchar(20) DEFAULT NULL,
  `DELIVERY_STATE` varchar(100) DEFAULT NULL,
  `DELIVERY_TELEPHONE` varchar(32) DEFAULT NULL,
  `IP_ADDRESS` varchar(255) DEFAULT NULL,
  `LAST_MODIFIED` datetime DEFAULT NULL,
  `LOCALE` varchar(255) DEFAULT NULL,
  `ORDER_DATE_FINISHED` datetime DEFAULT NULL,
  `ORDER_TYPE` varchar(255) DEFAULT NULL,
  `PAYMENT_MODULE_CODE` varchar(255) DEFAULT NULL,
  `PAYMENT_TYPE` varchar(255) DEFAULT NULL,
  `SHIPPING_MODULE_CODE` varchar(255) DEFAULT NULL,
  `ORDER_STATUS` varchar(255) DEFAULT NULL,
  `ORDER_TOTAL` decimal(19,2) DEFAULT NULL,
  `BILLING_COUNTRY_ID` int(11) NOT NULL,
  `BILLING_ZONE_ID` bigint(20) DEFAULT NULL,
  `CURRENCY_ID` bigint(20) DEFAULT NULL,
  `DELIVERY_COUNTRY_ID` int(11) DEFAULT NULL,
  `DELIVERY_ZONE_ID` bigint(20) DEFAULT NULL,
  `MERCHANTID` int(11) DEFAULT NULL,
  PRIMARY KEY (`ORDER_ID`),
  KEY `FK_fnbc9pw6waewb1yraliutnhh1` (`BILLING_COUNTRY_ID`),
  KEY `FK_8e0096usk6ubo6g1m4g02cdg9` (`BILLING_ZONE_ID`),
  KEY `FK_ib790h1pasu1n7mye2hxl3i99` (`CURRENCY_ID`),
  KEY `FK_4lkaw8wsvt2mfmwna70lctuu8` (`DELIVERY_COUNTRY_ID`),
  KEY `FK_hq0mw7hixmta7q34ohl1g18wl` (`DELIVERY_ZONE_ID`),
  KEY `FK_3b8cm7lvbxjbtepjn64nnbtc0` (`MERCHANTID`),
  CONSTRAINT `FK_3b8cm7lvbxjbtepjn64nnbtc0` FOREIGN KEY (`MERCHANTID`) REFERENCES `MERCHANT_STORE` (`MERCHANT_ID`),
  CONSTRAINT `FK_4lkaw8wsvt2mfmwna70lctuu8` FOREIGN KEY (`DELIVERY_COUNTRY_ID`) REFERENCES `COUNTRY` (`COUNTRY_ID`),
  CONSTRAINT `FK_8e0096usk6ubo6g1m4g02cdg9` FOREIGN KEY (`BILLING_ZONE_ID`) REFERENCES `ZONE` (`ZONE_ID`),
  CONSTRAINT `FK_fnbc9pw6waewb1yraliutnhh1` FOREIGN KEY (`BILLING_COUNTRY_ID`) REFERENCES `COUNTRY` (`COUNTRY_ID`),
  CONSTRAINT `FK_hq0mw7hixmta7q34ohl1g18wl` FOREIGN KEY (`DELIVERY_ZONE_ID`) REFERENCES `ZONE` (`ZONE_ID`),
  CONSTRAINT `FK_ib790h1pasu1n7mye2hxl3i99` FOREIGN KEY (`CURRENCY_ID`) REFERENCES `CURRENCY` (`CURRENCY_ID`)
) ENGINE=InnoDB DEFAULT CHARSET=latin1;
/*!40101 SET character_set_client = @saved_cs_client */;

--
-- Dumping data for table `ORDERS`
--

LOCK TABLES `ORDERS` WRITE;
/*!40000 ALTER TABLE `ORDERS` DISABLE KEYS */;
/*!40000 ALTER TABLE `ORDERS` ENABLE KEYS */;
UNLOCK TABLES;

--
-- Table structure for table `ORDER_ACCOUNT`
--

DROP TABLE IF EXISTS `ORDER_ACCOUNT`;
/*!40101 SET @saved_cs_client     = @@character_set_client */;
/*!40101 SET character_set_client = utf8 */;
CREATE TABLE `ORDER_ACCOUNT` (
  `ORDER_ACCOUNT_ID` bigint(20) NOT NULL,
  `ORDER_ACCOUNT_BILL_DAY` int(11) NOT NULL,
  `ORDER_ACCOUNT_END_DATE` date DEFAULT NULL,
  `ORDER_ACCOUNT_START_DATE` date NOT NULL,
  `ORDER_ID` bigint(20) NOT NULL,
  PRIMARY KEY (`ORDER_ACCOUNT_ID`),
  KEY `FK_jwovcys19bo3gyrko0kj0dh4l` (`ORDER_ID`),
  CONSTRAINT `FK_jwovcys19bo3gyrko0kj0dh4l` FOREIGN KEY (`ORDER_ID`) REFERENCES `ORDERS` (`ORDER_ID`)
) ENGINE=InnoDB DEFAULT CHARSET=latin1;
/*!40101 SET character_set_client = @saved_cs_client */;

--
-- Dumping data for table `ORDER_ACCOUNT`
--

LOCK TABLES `ORDER_ACCOUNT` WRITE;
/*!40000 ALTER TABLE `ORDER_ACCOUNT` DISABLE KEYS */;
/*!40000 ALTER TABLE `ORDER_ACCOUNT` ENABLE KEYS */;
UNLOCK TABLES;

--
-- Table structure for table `ORDER_ACCOUNT_PRODUCT`
--

DROP TABLE IF EXISTS `ORDER_ACCOUNT_PRODUCT`;
/*!40101 SET @saved_cs_client     = @@character_set_client */;
/*!40101 SET character_set_client = utf8 */;
CREATE TABLE `ORDER_ACCOUNT_PRODUCT` (
  `ORDER_ACCOUNT_PRODUCT_ID` bigint(20) NOT NULL,
  `ORDER_ACCOUNT_PRODUCT_ACCNT_DT` date DEFAULT NULL,
  `ORDER_ACCOUNT_PRODUCT_END_DT` date DEFAULT NULL,
  `ORDER_ACCOUNT_PRODUCT_EOT` datetime DEFAULT NULL,
  `ORDER_ACCOUNT_PRODUCT_L_ST_DT` datetime DEFAULT NULL,
  `ORDER_ACCOUNT_PRODUCT_L_TRX_ST` int(11) NOT NULL,
  `ORDER_ACCOUNT_PRODUCT_PM_FR_TY` int(11) NOT NULL,
  `ORDER_ACCOUNT_PRODUCT_ST_DT` date NOT NULL,
  `ORDER_ACCOUNT_PRODUCT_STATUS` int(11) NOT NULL,
  `ORDER_ACCOUNT_ID` bigint(20) NOT NULL,
  `ORDER_PRODUCT_ID` bigint(20) NOT NULL,
  PRIMARY KEY (`ORDER_ACCOUNT_PRODUCT_ID`),
  KEY `FK_rh6ota16guhs9w00trr64087g` (`ORDER_ACCOUNT_ID`),
  KEY `FK_pcotjac5eu4pmsl4dhaq024po` (`ORDER_PRODUCT_ID`),
  CONSTRAINT `FK_pcotjac5eu4pmsl4dhaq024po` FOREIGN KEY (`ORDER_PRODUCT_ID`) REFERENCES `ORDER_PRODUCT` (`ORDER_PRODUCT_ID`),
  CONSTRAINT `FK_rh6ota16guhs9w00trr64087g` FOREIGN KEY (`ORDER_ACCOUNT_ID`) REFERENCES `ORDER_ACCOUNT` (`ORDER_ACCOUNT_ID`)
) ENGINE=InnoDB DEFAULT CHARSET=latin1;
/*!40101 SET character_set_client = @saved_cs_client */;

--
-- Dumping data for table `ORDER_ACCOUNT_PRODUCT`
--

LOCK TABLES `ORDER_ACCOUNT_PRODUCT` WRITE;
/*!40000 ALTER TABLE `ORDER_ACCOUNT_PRODUCT` DISABLE KEYS */;
/*!40000 ALTER TABLE `ORDER_ACCOUNT_PRODUCT` ENABLE KEYS */;
UNLOCK TABLES;

--
-- Table structure for table `ORDER_ATTRIBUTE`
--

DROP TABLE IF EXISTS `ORDER_ATTRIBUTE`;
/*!40101 SET @saved_cs_client     = @@character_set_client */;
/*!40101 SET character_set_client = utf8 */;
CREATE TABLE `ORDER_ATTRIBUTE` (
  `ORDER_ATTRIBUTE_ID` bigint(20) NOT NULL,
  `IDENTIFIER` varchar(255) NOT NULL,
  `VALUE` varchar(255) NOT NULL,
  `ORDER_ID` bigint(20) NOT NULL,
  PRIMARY KEY (`ORDER_ATTRIBUTE_ID`),
  KEY `FK_pxjv2i0f7bouvj3tgklxipp37` (`ORDER_ID`),
  CONSTRAINT `FK_pxjv2i0f7bouvj3tgklxipp37` FOREIGN KEY (`ORDER_ID`) REFERENCES `ORDERS` (`ORDER_ID`)
) ENGINE=InnoDB DEFAULT CHARSET=latin1;
/*!40101 SET character_set_client = @saved_cs_client */;

--
-- Dumping data for table `ORDER_ATTRIBUTE`
--

LOCK TABLES `ORDER_ATTRIBUTE` WRITE;
/*!40000 ALTER TABLE `ORDER_ATTRIBUTE` DISABLE KEYS */;
/*!40000 ALTER TABLE `ORDER_ATTRIBUTE` ENABLE KEYS */;
UNLOCK TABLES;

--
-- Table structure for table `ORDER_PRODUCT`
--

DROP TABLE IF EXISTS `ORDER_PRODUCT`;
/*!40101 SET @saved_cs_client     = @@character_set_client */;
/*!40101 SET character_set_client = utf8 */;
CREATE TABLE `ORDER_PRODUCT` (
  `ORDER_PRODUCT_ID` bigint(20) NOT NULL,
  `ONETIME_CHARGE` decimal(19,2) NOT NULL,
  `PRODUCT_NAME` varchar(64) NOT NULL,
  `PRODUCT_QUANTITY` int(11) DEFAULT NULL,
  `PRODUCT_SKU` varchar(255) DEFAULT NULL,
  `ORDER_ID` bigint(20) NOT NULL,
  PRIMARY KEY (`ORDER_PRODUCT_ID`),
  KEY `FK_4nsxta166qmi0u7v02p6gtnxa` (`ORDER_ID`),
  CONSTRAINT `FK_4nsxta166qmi0u7v02p6gtnxa` FOREIGN KEY (`ORDER_ID`) REFERENCES `ORDERS` (`ORDER_ID`)
) ENGINE=InnoDB DEFAULT CHARSET=latin1;
/*!40101 SET character_set_client = @saved_cs_client */;

--
-- Dumping data for table `ORDER_PRODUCT`
--

LOCK TABLES `ORDER_PRODUCT` WRITE;
/*!40000 ALTER TABLE `ORDER_PRODUCT` DISABLE KEYS */;
/*!40000 ALTER TABLE `ORDER_PRODUCT` ENABLE KEYS */;
UNLOCK TABLES;

--
-- Table structure for table `ORDER_PRODUCT_ATTRIBUTE`
--

DROP TABLE IF EXISTS `ORDER_PRODUCT_ATTRIBUTE`;
/*!40101 SET @saved_cs_client     = @@character_set_client */;
/*!40101 SET character_set_client = utf8 */;
CREATE TABLE `ORDER_PRODUCT_ATTRIBUTE` (
  `ORDER_PRODUCT_ATTRIBUTE_ID` bigint(20) NOT NULL,
  `PRODUCT_ATTRIBUTE_IS_FREE` bit(1) NOT NULL,
  `PRODUCT_ATTRIBUTE_NAME` varchar(255) DEFAULT NULL,
  `PRODUCT_ATTRIBUTE_PRICE` decimal(15,4) NOT NULL,
  `PRODUCT_ATTRIBUTE_VAL_NAME` varchar(255) DEFAULT NULL,
  `PRODUCT_ATTRIBUTE_WEIGHT` decimal(15,4) DEFAULT NULL,
  `PRODUCT_OPTION_ID` bigint(20) NOT NULL,
  `PRODUCT_OPTION_VALUE_ID` bigint(20) NOT NULL,
  `ORDER_PRODUCT_ID` bigint(20) NOT NULL,
  PRIMARY KEY (`ORDER_PRODUCT_ATTRIBUTE_ID`),
  KEY `FK_5rjwlj26iv0e3vnuajjiniek7` (`ORDER_PRODUCT_ID`),
  CONSTRAINT `FK_5rjwlj26iv0e3vnuajjiniek7` FOREIGN KEY (`ORDER_PRODUCT_ID`) REFERENCES `ORDER_PRODUCT` (`ORDER_PRODUCT_ID`)
) ENGINE=InnoDB DEFAULT CHARSET=latin1;
/*!40101 SET character_set_client = @saved_cs_client */;

--
-- Dumping data for table `ORDER_PRODUCT_ATTRIBUTE`
--

LOCK TABLES `ORDER_PRODUCT_ATTRIBUTE` WRITE;
/*!40000 ALTER TABLE `ORDER_PRODUCT_ATTRIBUTE` DISABLE KEYS */;
/*!40000 ALTER TABLE `ORDER_PRODUCT_ATTRIBUTE` ENABLE KEYS */;
UNLOCK TABLES;

--
-- Table structure for table `ORDER_PRODUCT_DOWNLOAD`
--

DROP TABLE IF EXISTS `ORDER_PRODUCT_DOWNLOAD`;
/*!40101 SET @saved_cs_client     = @@character_set_client */;
/*!40101 SET character_set_client = utf8 */;
CREATE TABLE `ORDER_PRODUCT_DOWNLOAD` (
  `ORDER_PRODUCT_DOWNLOAD_ID` bigint(20) NOT NULL,
  `DOWNLOAD_COUNT` int(11) NOT NULL,
  `DOWNLOAD_MAXDAYS` int(11) NOT NULL,
  `ORDER_PRODUCT_FILENAME` varchar(255) NOT NULL,
  `ORDER_PRODUCT_ID` bigint(20) NOT NULL,
  PRIMARY KEY (`ORDER_PRODUCT_DOWNLOAD_ID`),
  KEY `FK_52kb521ve197of5311bu3ee5b` (`ORDER_PRODUCT_ID`),
  CONSTRAINT `FK_52kb521ve197of5311bu3ee5b` FOREIGN KEY (`ORDER_PRODUCT_ID`) REFERENCES `ORDER_PRODUCT` (`ORDER_PRODUCT_ID`)
) ENGINE=InnoDB DEFAULT CHARSET=latin1;
/*!40101 SET character_set_client = @saved_cs_client */;

--
-- Dumping data for table `ORDER_PRODUCT_DOWNLOAD`
--

LOCK TABLES `ORDER_PRODUCT_DOWNLOAD` WRITE;
/*!40000 ALTER TABLE `ORDER_PRODUCT_DOWNLOAD` DISABLE KEYS */;
/*!40000 ALTER TABLE `ORDER_PRODUCT_DOWNLOAD` ENABLE KEYS */;
UNLOCK TABLES;

--
-- Table structure for table `ORDER_PRODUCT_PRICE`
--

DROP TABLE IF EXISTS `ORDER_PRODUCT_PRICE`;
/*!40101 SET @saved_cs_client     = @@character_set_client */;
/*!40101 SET character_set_client = utf8 */;
CREATE TABLE `ORDER_PRODUCT_PRICE` (
  `ORDER_PRODUCT_PRICE_ID` bigint(20) NOT NULL,
  `DEFAULT_PRICE` bit(1) NOT NULL,
  `PRODUCT_PRICE` decimal(19,2) NOT NULL,
  `PRODUCT_PRICE_CODE` varchar(64) NOT NULL,
  `PRODUCT_PRICE_NAME` varchar(255) DEFAULT NULL,
  `PRODUCT_PRICE_SPECIAL` decimal(19,2) DEFAULT NULL,
  `PRD_PRICE_SPECIAL_END_DT` datetime DEFAULT NULL,
  `PRD_PRICE_SPECIAL_ST_DT` datetime DEFAULT NULL,
  `ORDER_PRODUCT_ID` bigint(20) NOT NULL,
  PRIMARY KEY (`ORDER_PRODUCT_PRICE_ID`),
  KEY `FK_shr0wnakwvod5vksceh64umfy` (`ORDER_PRODUCT_ID`),
  CONSTRAINT `FK_shr0wnakwvod5vksceh64umfy` FOREIGN KEY (`ORDER_PRODUCT_ID`) REFERENCES `ORDER_PRODUCT` (`ORDER_PRODUCT_ID`)
) ENGINE=InnoDB DEFAULT CHARSET=latin1;
/*!40101 SET character_set_client = @saved_cs_client */;

--
-- Dumping data for table `ORDER_PRODUCT_PRICE`
--

LOCK TABLES `ORDER_PRODUCT_PRICE` WRITE;
/*!40000 ALTER TABLE `ORDER_PRODUCT_PRICE` DISABLE KEYS */;
/*!40000 ALTER TABLE `ORDER_PRODUCT_PRICE` ENABLE KEYS */;
UNLOCK TABLES;

--
-- Table structure for table `ORDER_STATUS_HISTORY`
--

DROP TABLE IF EXISTS `ORDER_STATUS_HISTORY`;
/*!40101 SET @saved_cs_client     = @@character_set_client */;
/*!40101 SET character_set_client = utf8 */;
CREATE TABLE `ORDER_STATUS_HISTORY` (
  `ORDER_STATUS_HISTORY_ID` bigint(20) NOT NULL,
  `COMMENTS` longtext,
  `CUSTOMER_NOTIFIED` int(11) DEFAULT NULL,
  `DATE_ADDED` datetime NOT NULL,
  `status` varchar(255) DEFAULT NULL,
  `ORDER_ID` bigint(20) NOT NULL,
  PRIMARY KEY (`ORDER_STATUS_HISTORY_ID`),
  KEY `FK_n14slyp7y649y5rhbmikw3pi0` (`ORDER_ID`),
  CONSTRAINT `FK_n14slyp7y649y5rhbmikw3pi0` FOREIGN KEY (`ORDER_ID`) REFERENCES `ORDERS` (`ORDER_ID`)
) ENGINE=InnoDB DEFAULT CHARSET=latin1;
/*!40101 SET character_set_client = @saved_cs_client */;

--
-- Dumping data for table `ORDER_STATUS_HISTORY`
--

LOCK TABLES `ORDER_STATUS_HISTORY` WRITE;
/*!40000 ALTER TABLE `ORDER_STATUS_HISTORY` DISABLE KEYS */;
/*!40000 ALTER TABLE `ORDER_STATUS_HISTORY` ENABLE KEYS */;
UNLOCK TABLES;

--
-- Table structure for table `ORDER_TOTAL`
--

DROP TABLE IF EXISTS `ORDER_TOTAL`;
/*!40101 SET @saved_cs_client     = @@character_set_client */;
/*!40101 SET character_set_client = utf8 */;
CREATE TABLE `ORDER_TOTAL` (
  `ORDER_ACCOUNT_ID` bigint(20) NOT NULL,
  `MODULE` varchar(60) DEFAULT NULL,
  `CODE` varchar(255) NOT NULL,
  `ORDER_TOTAL_TYPE` varchar(255) DEFAULT NULL,
  `ORDER_VALUE_TYPE` varchar(255) DEFAULT NULL,
  `SORT_ORDER` int(11) NOT NULL,
  `TEXT` longtext,
  `TITLE` varchar(255) DEFAULT NULL,
  `VALUE` decimal(15,4) NOT NULL,
  `ORDER_ID` bigint(20) NOT NULL,
  PRIMARY KEY (`ORDER_ACCOUNT_ID`),
  KEY `FK_khquiwoxp3mpaolsy0hslfjch` (`ORDER_ID`),
  CONSTRAINT `FK_khquiwoxp3mpaolsy0hslfjch` FOREIGN KEY (`ORDER_ID`) REFERENCES `ORDERS` (`ORDER_ID`)
) ENGINE=InnoDB DEFAULT CHARSET=latin1;
/*!40101 SET character_set_client = @saved_cs_client */;

--
-- Dumping data for table `ORDER_TOTAL`
--

LOCK TABLES `ORDER_TOTAL` WRITE;
/*!40000 ALTER TABLE `ORDER_TOTAL` DISABLE KEYS */;
/*!40000 ALTER TABLE `ORDER_TOTAL` ENABLE KEYS */;
UNLOCK TABLES;

--
-- Table structure for table `PERMISSION`
--

DROP TABLE IF EXISTS `PERMISSION`;
/*!40101 SET @saved_cs_client     = @@character_set_client */;
/*!40101 SET character_set_client = utf8 */;
CREATE TABLE `PERMISSION` (
  `PERMISSION_ID` int(11) NOT NULL,
  `DATE_CREATED` datetime DEFAULT NULL,
  `DATE_MODIFIED` datetime DEFAULT NULL,
  `UPDT_ID` varchar(20) DEFAULT NULL,
  `PERMISSION_NAME` varchar(255) NOT NULL,
  PRIMARY KEY (`PERMISSION_ID`),
  UNIQUE KEY `UK_ss26hgwetkj8ms5y5jn2co4j3` (`PERMISSION_NAME`)
) ENGINE=InnoDB DEFAULT CHARSET=latin1;
/*!40101 SET character_set_client = @saved_cs_client */;

--
-- Dumping data for table `PERMISSION`
--

LOCK TABLES `PERMISSION` WRITE;
/*!40000 ALTER TABLE `PERMISSION` DISABLE KEYS */;
INSERT INTO `PERMISSION` VALUES (1,'2018-12-31 21:30:21','2018-12-31 21:30:21',NULL,'STORE_ADMIN'),(2,'2018-12-31 21:30:21','2018-12-31 21:30:21',NULL,'SUPERADMIN'),(3,'2018-12-31 21:30:21','2018-12-31 21:30:21',NULL,'ADMIN'),(4,'2018-12-31 21:30:21','2018-12-31 21:30:21',NULL,'AUTH'),(5,'2018-12-31 21:30:21','2018-12-31 21:30:21',NULL,'PRODUCTS'),(6,'2018-12-31 21:30:21','2018-12-31 21:30:21',NULL,'ORDER'),(7,'2018-12-31 21:30:21','2018-12-31 21:30:21',NULL,'CONTENT'),(8,'2018-12-31 21:30:21','2018-12-31 21:30:21',NULL,'STORE'),(9,'2018-12-31 21:30:21','2018-12-31 21:30:21',NULL,'TAX'),(10,'2018-12-31 21:30:21','2018-12-31 21:30:21',NULL,'PAYMENT'),(11,'2018-12-31 21:30:21','2018-12-31 21:30:21',NULL,'CUSTOMER'),(12,'2018-12-31 21:30:21','2018-12-31 21:30:21',NULL,'SHIPPING'),(13,'2018-12-31 21:30:21','2018-12-31 21:30:21',NULL,'AUTH_CUSTOMER');
/*!40000 ALTER TABLE `PERMISSION` ENABLE KEYS */;
UNLOCK TABLES;

--
-- Table structure for table `PERMISSION_GROUP`
--

DROP TABLE IF EXISTS `PERMISSION_GROUP`;
/*!40101 SET @saved_cs_client     = @@character_set_client */;
/*!40101 SET character_set_client = utf8 */;
CREATE TABLE `PERMISSION_GROUP` (
  `PERMISSION_ID` int(11) NOT NULL,
  `GROUP_ID` int(11) NOT NULL,
  KEY `FK_pj2gjygldr9p81w673a27taw3` (`GROUP_ID`),
  KEY `FK_nngtfydo0o1i7w2lv6k4csut` (`PERMISSION_ID`),
  CONSTRAINT `FK_nngtfydo0o1i7w2lv6k4csut` FOREIGN KEY (`PERMISSION_ID`) REFERENCES `PERMISSION` (`PERMISSION_ID`),
  CONSTRAINT `FK_pj2gjygldr9p81w673a27taw3` FOREIGN KEY (`GROUP_ID`) REFERENCES `SM_GROUP` (`GROUP_ID`)
) ENGINE=InnoDB DEFAULT CHARSET=latin1;
/*!40101 SET character_set_client = @saved_cs_client */;

--
-- Dumping data for table `PERMISSION_GROUP`
--

LOCK TABLES `PERMISSION_GROUP` WRITE;
/*!40000 ALTER TABLE `PERMISSION_GROUP` DISABLE KEYS */;
INSERT INTO `PERMISSION_GROUP` VALUES (1,1),(1,2),(2,1),(3,1),(3,2),(4,1),(4,2),(4,3),(4,4),(4,5),(5,1),(5,2),(5,3),(6,1),(6,2),(6,5),(7,1),(7,2),(7,6),(8,1),(8,2),(8,4),(9,1),(9,2),(9,4),(10,1),(10,2),(10,4),(11,1),(11,2),(11,4),(12,1),(12,2),(12,4),(13,7);
/*!40000 ALTER TABLE `PERMISSION_GROUP` ENABLE KEYS */;
UNLOCK TABLES;

--
-- Table structure for table `PRODUCT`
--

DROP TABLE IF EXISTS `PRODUCT`;
/*!40101 SET @saved_cs_client     = @@character_set_client */;
/*!40101 SET character_set_client = utf8 */;
CREATE TABLE `PRODUCT` (
  `PRODUCT_ID` bigint(20) NOT NULL,
  `DATE_CREATED` datetime DEFAULT NULL,
  `DATE_MODIFIED` datetime DEFAULT NULL,
  `UPDT_ID` varchar(20) DEFAULT NULL,
  `AVAILABLE` bit(1) DEFAULT NULL,
  `COND` int(11) DEFAULT NULL,
  `DATE_AVAILABLE` datetime DEFAULT NULL,
  `PREORDER` bit(1) DEFAULT NULL,
  `PRODUCT_HEIGHT` decimal(19,2) DEFAULT NULL,
  `PRODUCT_FREE` bit(1) DEFAULT NULL,
  `PRODUCT_LENGTH` decimal(19,2) DEFAULT NULL,
  `QUANTITY_ORDERED` int(11) DEFAULT NULL,
  `REVIEW_AVG` decimal(19,2) DEFAULT NULL,
  `REVIEW_COUNT` int(11) DEFAULT NULL,
  `PRODUCT_SHIP` bit(1) DEFAULT NULL,
  `PRODUCT_VIRTUAL` bit(1) DEFAULT NULL,
  `PRODUCT_WEIGHT` decimal(19,2) DEFAULT NULL,
  `PRODUCT_WIDTH` decimal(19,2) DEFAULT NULL,
  `REF_SKU` varchar(255) DEFAULT NULL,
  `RENTAL_DURATION` int(11) DEFAULT NULL,
  `RENTAL_PERIOD` int(11) DEFAULT NULL,
  `RENTAL_STATUS` int(11) DEFAULT NULL,
  `SKU` varchar(255) NOT NULL,
  `SORT_ORDER` int(11) DEFAULT NULL,
  `MANUFACTURER_ID` bigint(20) DEFAULT NULL,
  `MERCHANT_ID` int(11) NOT NULL,
  `CUSTOMER_ID` bigint(20) DEFAULT NULL,
  `TAX_CLASS_ID` bigint(20) DEFAULT NULL,
  `PRODUCT_TYPE_ID` bigint(20) DEFAULT NULL,
  PRIMARY KEY (`PRODUCT_ID`),
  UNIQUE KEY `UK_s8ofsn9pehdrstjg52j5qabxh` (`MERCHANT_ID`,`SKU`),
  KEY `FK_t03uwph4r4si70siiqafff3qj` (`MANUFACTURER_ID`),
  KEY `FK_r94hy42pyt9ot7ncu2s2kykqc` (`CUSTOMER_ID`),
  KEY `FK_pm6ef7y9lxy9xeav2dvcr4n4p` (`TAX_CLASS_ID`),
  KEY `FK_nor0i9e2avl4yyioivxyxpr28` (`PRODUCT_TYPE_ID`),
  CONSTRAINT `FK_a1p3pj01g4ojbdf1i93iavwoo` FOREIGN KEY (`MERCHANT_ID`) REFERENCES `MERCHANT_STORE` (`MERCHANT_ID`),
  CONSTRAINT `FK_nor0i9e2avl4yyioivxyxpr28` FOREIGN KEY (`PRODUCT_TYPE_ID`) REFERENCES `PRODUCT_TYPE` (`PRODUCT_TYPE_ID`),
  CONSTRAINT `FK_pm6ef7y9lxy9xeav2dvcr4n4p` FOREIGN KEY (`TAX_CLASS_ID`) REFERENCES `TAX_CLASS` (`TAX_CLASS_ID`),
  CONSTRAINT `FK_r94hy42pyt9ot7ncu2s2kykqc` FOREIGN KEY (`CUSTOMER_ID`) REFERENCES `CUSTOMER` (`CUSTOMER_ID`),
  CONSTRAINT `FK_t03uwph4r4si70siiqafff3qj` FOREIGN KEY (`MANUFACTURER_ID`) REFERENCES `MANUFACTURER` (`MANUFACTURER_ID`)
) ENGINE=InnoDB DEFAULT CHARSET=latin1;
/*!40101 SET character_set_client = @saved_cs_client */;

--
-- Dumping data for table `PRODUCT`
--

LOCK TABLES `PRODUCT` WRITE;
/*!40000 ALTER TABLE `PRODUCT` DISABLE KEYS */;
INSERT INTO `PRODUCT` VALUES (2,'2018-12-31 21:55:01','2018-12-31 21:55:01',NULL,'',NULL,'2018-12-31 21:55:01','\0',NULL,'\0',NULL,NULL,NULL,NULL,'\0','\0',NULL,NULL,'nodejs1',NULL,NULL,NULL,'nodejs1',0,1,1,NULL,1,1),(7,'2018-12-31 22:13:47','2018-12-31 22:13:59',NULL,'',NULL,'2018-12-31 00:00:00','\0',NULL,'\0',NULL,NULL,NULL,NULL,'\0','\0',NULL,NULL,'java101',NULL,NULL,NULL,'java101',0,1,1,NULL,1,1),(8,'2018-12-31 22:19:07','2018-12-31 22:56:10',NULL,'',NULL,'2018-12-31 22:19:07','\0',NULL,'\0',NULL,NULL,NULL,NULL,'\0','\0',NULL,NULL,'python1',NULL,NULL,NULL,'python1',0,1,1,NULL,1,1),(9,'2018-12-31 22:28:41','2018-12-31 22:28:41',NULL,'',NULL,'2018-12-31 22:28:41','\0',NULL,'\0',NULL,NULL,NULL,NULL,'\0','\0',NULL,NULL,'net01',NULL,NULL,NULL,'net01',0,1,1,NULL,1,1),(10,'2018-12-31 22:30:58','2018-12-31 22:36:01',NULL,'',NULL,'2018-12-31 22:30:58','\0',NULL,'\0',NULL,NULL,NULL,NULL,'\0','\0',NULL,NULL,'net02',NULL,NULL,NULL,'net02',0,1,1,NULL,1,1);
/*!40000 ALTER TABLE `PRODUCT` ENABLE KEYS */;
UNLOCK TABLES;

--
-- Table structure for table `PRODUCT_ATTRIBUTE`
--

DROP TABLE IF EXISTS `PRODUCT_ATTRIBUTE`;
/*!40101 SET @saved_cs_client     = @@character_set_client */;
/*!40101 SET character_set_client = utf8 */;
CREATE TABLE `PRODUCT_ATTRIBUTE` (
  `PRODUCT_ATTRIBUTE_ID` bigint(20) NOT NULL,
  `PRODUCT_ATTRIBUTE_DEFAULT` bit(1) DEFAULT NULL,
  `PRODUCT_ATTRIBUTE_DISCOUNTED` bit(1) DEFAULT NULL,
  `PRODUCT_ATTRIBUTE_FOR_DISP` bit(1) DEFAULT NULL,
  `PRODUCT_ATTRIBUTE_REQUIRED` bit(1) DEFAULT NULL,
  `PRODUCT_ATTRIBUTE_FREE` bit(1) DEFAULT NULL,
  `PRODUCT_ATRIBUTE_PRICE` decimal(19,2) DEFAULT NULL,
  `PRODUCT_ATTRIBUTE_WEIGHT` decimal(19,2) DEFAULT NULL,
  `PRODUCT_ATTRIBUTE_SORT_ORD` int(11) DEFAULT NULL,
  `PRODUCT_ID` bigint(20) NOT NULL,
  `OPTION_ID` bigint(20) NOT NULL,
  `OPTION_VALUE_ID` bigint(20) NOT NULL,
  PRIMARY KEY (`PRODUCT_ATTRIBUTE_ID`),
  UNIQUE KEY `UK_o0c6cfxcfejwfa2877gfgpuco` (`OPTION_ID`,`OPTION_VALUE_ID`,`PRODUCT_ID`),
  KEY `FK_6h8m6ocg2jhu3bfieqa0dupb1` (`PRODUCT_ID`),
  KEY `FK_g2h5gdhgcbn7b3cr26sj6ax4c` (`OPTION_VALUE_ID`),
  CONSTRAINT `FK_6h8m6ocg2jhu3bfieqa0dupb1` FOREIGN KEY (`PRODUCT_ID`) REFERENCES `PRODUCT` (`PRODUCT_ID`),
  CONSTRAINT `FK_g2h5gdhgcbn7b3cr26sj6ax4c` FOREIGN KEY (`OPTION_VALUE_ID`) REFERENCES `PRODUCT_OPTION_VALUE` (`PRODUCT_OPTION_VALUE_ID`),
  CONSTRAINT `FK_r9u2iot9wkbn263up3pj9stc1` FOREIGN KEY (`OPTION_ID`) REFERENCES `PRODUCT_OPTION` (`PRODUCT_OPTION_ID`)
) ENGINE=InnoDB DEFAULT CHARSET=latin1;
/*!40101 SET character_set_client = @saved_cs_client */;

--
-- Dumping data for table `PRODUCT_ATTRIBUTE`
--

LOCK TABLES `PRODUCT_ATTRIBUTE` WRITE;
/*!40000 ALTER TABLE `PRODUCT_ATTRIBUTE` DISABLE KEYS */;
/*!40000 ALTER TABLE `PRODUCT_ATTRIBUTE` ENABLE KEYS */;
UNLOCK TABLES;

--
-- Table structure for table `PRODUCT_AVAILABILITY`
--

DROP TABLE IF EXISTS `PRODUCT_AVAILABILITY`;
/*!40101 SET @saved_cs_client     = @@character_set_client */;
/*!40101 SET character_set_client = utf8 */;
CREATE TABLE `PRODUCT_AVAILABILITY` (
  `PRODUCT_AVAIL_ID` bigint(20) NOT NULL,
  `DATE_AVAILABLE` date DEFAULT NULL,
  `FREE_SHIPPING` bit(1) DEFAULT NULL,
  `QUANTITY` int(11) NOT NULL,
  `QUANTITY_ORD_MAX` int(11) DEFAULT NULL,
  `QUANTITY_ORD_MIN` int(11) DEFAULT NULL,
  `STATUS` bit(1) DEFAULT NULL,
  `REGION` varchar(255) DEFAULT NULL,
  `REGION_VARIANT` varchar(255) DEFAULT NULL,
  `PRODUCT_ID` bigint(20) NOT NULL,
  PRIMARY KEY (`PRODUCT_AVAIL_ID`),
  KEY `FK_g32kj493ntgjnky10l88q8ba7` (`PRODUCT_ID`),
  CONSTRAINT `FK_g32kj493ntgjnky10l88q8ba7` FOREIGN KEY (`PRODUCT_ID`) REFERENCES `PRODUCT` (`PRODUCT_ID`)
) ENGINE=InnoDB DEFAULT CHARSET=latin1;
/*!40101 SET character_set_client = @saved_cs_client */;

--
-- Dumping data for table `PRODUCT_AVAILABILITY`
--

LOCK TABLES `PRODUCT_AVAILABILITY` WRITE;
/*!40000 ALTER TABLE `PRODUCT_AVAILABILITY` DISABLE KEYS */;
INSERT INTO `PRODUCT_AVAILABILITY` VALUES (2,NULL,'\0',100,20,1,'','*',NULL,2),(7,NULL,'\0',22,22,1,'','*',NULL,7),(8,NULL,'\0',5,25,1,'','*',NULL,8),(9,NULL,'\0',5000,5000,1,'','*',NULL,9),(10,NULL,'\0',100,100,1,'','*',NULL,10);
/*!40000 ALTER TABLE `PRODUCT_AVAILABILITY` ENABLE KEYS */;
UNLOCK TABLES;

--
-- Table structure for table `PRODUCT_CATEGORY`
--

DROP TABLE IF EXISTS `PRODUCT_CATEGORY`;
/*!40101 SET @saved_cs_client     = @@character_set_client */;
/*!40101 SET character_set_client = utf8 */;
CREATE TABLE `PRODUCT_CATEGORY` (
  `PRODUCT_ID` bigint(20) NOT NULL,
  `CATEGORY_ID` bigint(20) NOT NULL,
  PRIMARY KEY (`PRODUCT_ID`,`CATEGORY_ID`),
  KEY `FK_j0abhuuifvojg9079r0njja07` (`CATEGORY_ID`),
  CONSTRAINT `FK_cu9i33d6dbyo4s8jmfepoyn59` FOREIGN KEY (`PRODUCT_ID`) REFERENCES `PRODUCT` (`PRODUCT_ID`),
  CONSTRAINT `FK_j0abhuuifvojg9079r0njja07` FOREIGN KEY (`CATEGORY_ID`) REFERENCES `CATEGORY` (`CATEGORY_ID`)
) ENGINE=InnoDB DEFAULT CHARSET=latin1;
/*!40101 SET character_set_client = @saved_cs_client */;

--
-- Dumping data for table `PRODUCT_CATEGORY`
--

LOCK TABLES `PRODUCT_CATEGORY` WRITE;
/*!40000 ALTER TABLE `PRODUCT_CATEGORY` DISABLE KEYS */;
INSERT INTO `PRODUCT_CATEGORY` VALUES (2,2),(7,2),(8,2),(9,2),(10,2),(2,3),(7,3),(8,3),(9,4),(10,4);
/*!40000 ALTER TABLE `PRODUCT_CATEGORY` ENABLE KEYS */;
UNLOCK TABLES;

--
-- Table structure for table `PRODUCT_DESCRIPTION`
--

DROP TABLE IF EXISTS `PRODUCT_DESCRIPTION`;
/*!40101 SET @saved_cs_client     = @@character_set_client */;
/*!40101 SET character_set_client = utf8 */;
CREATE TABLE `PRODUCT_DESCRIPTION` (
  `DESCRIPTION_ID` bigint(20) NOT NULL,
  `DATE_CREATED` datetime DEFAULT NULL,
  `DATE_MODIFIED` datetime DEFAULT NULL,
  `UPDT_ID` varchar(20) DEFAULT NULL,
  `DESCRIPTION` longtext,
  `NAME` varchar(120) NOT NULL,
  `TITLE` varchar(100) DEFAULT NULL,
  `META_DESCRIPTION` varchar(255) DEFAULT NULL,
  `META_KEYWORDS` varchar(255) DEFAULT NULL,
  `META_TITLE` varchar(255) DEFAULT NULL,
  `DOWNLOAD_LNK` varchar(255) DEFAULT NULL,
  `PRODUCT_HIGHLIGHT` varchar(255) DEFAULT NULL,
  `SEF_URL` varchar(255) DEFAULT NULL,
  `LANGUAGE_ID` int(11) NOT NULL,
  `PRODUCT_ID` bigint(20) NOT NULL,
  PRIMARY KEY (`DESCRIPTION_ID`),
  UNIQUE KEY `UK_q4dnkx5b776ayqas2h4rr2d8q` (`PRODUCT_ID`,`LANGUAGE_ID`),
  KEY `FK_adhnr56rrg1b3v9ufoey6vjfs` (`LANGUAGE_ID`),
  CONSTRAINT `FK_adhnr56rrg1b3v9ufoey6vjfs` FOREIGN KEY (`LANGUAGE_ID`) REFERENCES `LANGUAGE` (`LANGUAGE_ID`),
  CONSTRAINT `FK_aruidfgmbeki4pu5ipjdd5j7p` FOREIGN KEY (`PRODUCT_ID`) REFERENCES `PRODUCT` (`PRODUCT_ID`)
) ENGINE=InnoDB DEFAULT CHARSET=latin1;
/*!40101 SET character_set_client = @saved_cs_client */;

--
-- Dumping data for table `PRODUCT_DESCRIPTION`
--

LOCK TABLES `PRODUCT_DESCRIPTION` WRITE;
/*!40000 ALTER TABLE `PRODUCT_DESCRIPTION` DISABLE KEYS */;
INSERT INTO `PRODUCT_DESCRIPTION` VALUES (451,'2018-12-31 21:55:01','2018-12-31 21:56:18',NULL,'<p>\r\n	Beginning Node.js Programming</p>\r\n','Node-js programming',NULL,'','node,node.js,website,','Beginning Node.js Programming','','','node-js-programming',1,2),(456,'2018-12-31 22:14:45','2018-12-31 22:14:45',NULL,'<p>\r\n	Java with 101 Examples</p>\r\n','Java 101',NULL,'','','Java with 101 Examples','','java-101','java-101',1,7),(457,'2018-12-31 22:19:07','2018-12-31 22:19:07',NULL,'<p>\r\n	The Python Book</p>\r\n','the-python-book',NULL,'','','The Python Book','','the-python-book','the-python-book',1,8),(458,'2018-12-31 22:28:41','2018-12-31 22:28:41',NULL,'<p>\r\n	Networking Fundamentals</p>\r\n','networking-fundamentals',NULL,'','','Networking Fundamentals','','networking fundamentals','networking-fundamentals',1,9),(459,'2018-12-31 22:30:58','2018-12-31 22:30:58',NULL,'<p>\r\n	Networking Essentials</p>\r\n','Networking-essentials',NULL,'','','Networking Essentials','','networking-essentials','networking-essentials',1,10);
/*!40000 ALTER TABLE `PRODUCT_DESCRIPTION` ENABLE KEYS */;
UNLOCK TABLES;

--
-- Table structure for table `PRODUCT_DIGITAL`
--

DROP TABLE IF EXISTS `PRODUCT_DIGITAL`;
/*!40101 SET @saved_cs_client     = @@character_set_client */;
/*!40101 SET character_set_client = utf8 */;
CREATE TABLE `PRODUCT_DIGITAL` (
  `PRODUCT_DIGITAL_ID` bigint(20) NOT NULL,
  `FILE_NAME` varchar(255) NOT NULL,
  `PRODUCT_ID` bigint(20) NOT NULL,
  PRIMARY KEY (`PRODUCT_DIGITAL_ID`),
  UNIQUE KEY `UK_juk1qgkh9v5w7ghvb18krwo8v` (`PRODUCT_ID`,`FILE_NAME`),
  CONSTRAINT `FK_7nmms6pbk5w9yvqm874hw1a1r` FOREIGN KEY (`PRODUCT_ID`) REFERENCES `PRODUCT` (`PRODUCT_ID`)
) ENGINE=InnoDB DEFAULT CHARSET=latin1;
/*!40101 SET character_set_client = @saved_cs_client */;

--
-- Dumping data for table `PRODUCT_DIGITAL`
--

LOCK TABLES `PRODUCT_DIGITAL` WRITE;
/*!40000 ALTER TABLE `PRODUCT_DIGITAL` DISABLE KEYS */;
/*!40000 ALTER TABLE `PRODUCT_DIGITAL` ENABLE KEYS */;
UNLOCK TABLES;

--
-- Table structure for table `PRODUCT_IMAGE`
--

DROP TABLE IF EXISTS `PRODUCT_IMAGE`;
/*!40101 SET @saved_cs_client     = @@character_set_client */;
/*!40101 SET character_set_client = utf8 */;
CREATE TABLE `PRODUCT_IMAGE` (
  `PRODUCT_IMAGE_ID` bigint(20) NOT NULL,
  `DEFAULT_IMAGE` bit(1) DEFAULT NULL,
  `IMAGE_CROP` bit(1) DEFAULT NULL,
  `IMAGE_TYPE` int(11) DEFAULT NULL,
  `PRODUCT_IMAGE` varchar(255) DEFAULT NULL,
  `PRODUCT_IMAGE_URL` varchar(255) DEFAULT NULL,
  `PRODUCT_ID` bigint(20) NOT NULL,
  PRIMARY KEY (`PRODUCT_IMAGE_ID`),
  KEY `FK_dmpwg0pdbotjf8h0ca15tx3qm` (`PRODUCT_ID`),
  CONSTRAINT `FK_dmpwg0pdbotjf8h0ca15tx3qm` FOREIGN KEY (`PRODUCT_ID`) REFERENCES `PRODUCT` (`PRODUCT_ID`)
) ENGINE=InnoDB DEFAULT CHARSET=latin1;
/*!40101 SET character_set_client = @saved_cs_client */;

--
-- Dumping data for table `PRODUCT_IMAGE`
--

LOCK TABLES `PRODUCT_IMAGE` WRITE;
/*!40000 ALTER TABLE `PRODUCT_IMAGE` DISABLE KEYS */;
INSERT INTO `PRODUCT_IMAGE` VALUES (2,'','\0',0,'51zZVtwgKVL._SX404_BO1,204,203,200_.jpg',NULL,2),(3,'','\0',0,'java-101.jpeg',NULL,7),(4,'','\0',0,'61071-the-python-book-digital-Cover-2017-January-1-Issue.jpg',NULL,8),(5,'','\0',0,'network_funda.jpeg',NULL,9),(6,'','\0',0,'network_essentials.jpg',NULL,10);
/*!40000 ALTER TABLE `PRODUCT_IMAGE` ENABLE KEYS */;
UNLOCK TABLES;

--
-- Table structure for table `PRODUCT_IMAGE_DESCRIPTION`
--

DROP TABLE IF EXISTS `PRODUCT_IMAGE_DESCRIPTION`;
/*!40101 SET @saved_cs_client     = @@character_set_client */;
/*!40101 SET character_set_client = utf8 */;
CREATE TABLE `PRODUCT_IMAGE_DESCRIPTION` (
  `DESCRIPTION_ID` bigint(20) NOT NULL,
  `DATE_CREATED` datetime DEFAULT NULL,
  `DATE_MODIFIED` datetime DEFAULT NULL,
  `UPDT_ID` varchar(20) DEFAULT NULL,
  `DESCRIPTION` longtext,
  `NAME` varchar(120) NOT NULL,
  `TITLE` varchar(100) DEFAULT NULL,
  `ALT_TAG` varchar(100) DEFAULT NULL,
  `LANGUAGE_ID` int(11) NOT NULL,
  `PRODUCT_IMAGE_ID` bigint(20) NOT NULL,
  PRIMARY KEY (`DESCRIPTION_ID`),
  UNIQUE KEY `UK_n7yhdj6ccydgf201gibb882cd` (`PRODUCT_IMAGE_ID`,`LANGUAGE_ID`),
  KEY `FK_ro5t1gks1imat7hji5p7hessp` (`LANGUAGE_ID`),
  CONSTRAINT `FK_1sdajmriuthbewh872gji4qgt` FOREIGN KEY (`PRODUCT_IMAGE_ID`) REFERENCES `PRODUCT_IMAGE` (`PRODUCT_IMAGE_ID`),
  CONSTRAINT `FK_ro5t1gks1imat7hji5p7hessp` FOREIGN KEY (`LANGUAGE_ID`) REFERENCES `LANGUAGE` (`LANGUAGE_ID`)
) ENGINE=InnoDB DEFAULT CHARSET=latin1;
/*!40101 SET character_set_client = @saved_cs_client */;

--
-- Dumping data for table `PRODUCT_IMAGE_DESCRIPTION`
--

LOCK TABLES `PRODUCT_IMAGE_DESCRIPTION` WRITE;
/*!40000 ALTER TABLE `PRODUCT_IMAGE_DESCRIPTION` DISABLE KEYS */;
INSERT INTO `PRODUCT_IMAGE_DESCRIPTION` VALUES (501,'2018-12-31 21:55:01','2018-12-31 21:55:01',NULL,NULL,'51zZVtwgKVL._SX404_BO1,204,203,200_.jpg',NULL,NULL,1,2),(502,'2018-12-31 22:13:59','2018-12-31 22:13:59',NULL,NULL,'java-101.jpeg',NULL,NULL,1,3),(503,'2018-12-31 22:19:07','2018-12-31 22:19:07',NULL,NULL,'61071-the-python-book-digital-Cover-2017-January-1-Issue.jpg',NULL,NULL,1,4),(504,'2018-12-31 22:28:41','2018-12-31 22:28:41',NULL,NULL,'network_funda.jpeg',NULL,NULL,1,5),(505,'2018-12-31 22:30:58','2018-12-31 22:30:58',NULL,NULL,'network_essentials.jpg',NULL,NULL,1,6);
/*!40000 ALTER TABLE `PRODUCT_IMAGE_DESCRIPTION` ENABLE KEYS */;
UNLOCK TABLES;

--
-- Table structure for table `PRODUCT_OPTION`
--

DROP TABLE IF EXISTS `PRODUCT_OPTION`;
/*!40101 SET @saved_cs_client     = @@character_set_client */;
/*!40101 SET character_set_client = utf8 */;
CREATE TABLE `PRODUCT_OPTION` (
  `PRODUCT_OPTION_ID` bigint(20) NOT NULL,
  `PRODUCT_OPTION_CODE` varchar(255) NOT NULL,
  `PRODUCT_OPTION_SORT_ORD` int(11) DEFAULT NULL,
  `PRODUCT_OPTION_TYPE` varchar(10) DEFAULT NULL,
  `PRODUCT_OPTION_READ` bit(1) DEFAULT NULL,
  `MERCHANT_ID` int(11) NOT NULL,
  PRIMARY KEY (`PRODUCT_OPTION_ID`),
  UNIQUE KEY `UK_hfcw5oi9ulljlog1b7ns1r9tu` (`MERCHANT_ID`,`PRODUCT_OPTION_CODE`),
  KEY `PRD_OPTION_CODE_IDX` (`PRODUCT_OPTION_CODE`),
  CONSTRAINT `FK_4w5ar6nahg63cj3vbm00xr7r7` FOREIGN KEY (`MERCHANT_ID`) REFERENCES `MERCHANT_STORE` (`MERCHANT_ID`)
) ENGINE=InnoDB DEFAULT CHARSET=latin1;
/*!40101 SET character_set_client = @saved_cs_client */;

--
-- Dumping data for table `PRODUCT_OPTION`
--

LOCK TABLES `PRODUCT_OPTION` WRITE;
/*!40000 ALTER TABLE `PRODUCT_OPTION` DISABLE KEYS */;
/*!40000 ALTER TABLE `PRODUCT_OPTION` ENABLE KEYS */;
UNLOCK TABLES;

--
-- Table structure for table `PRODUCT_OPTION_DESC`
--

DROP TABLE IF EXISTS `PRODUCT_OPTION_DESC`;
/*!40101 SET @saved_cs_client     = @@character_set_client */;
/*!40101 SET character_set_client = utf8 */;
CREATE TABLE `PRODUCT_OPTION_DESC` (
  `DESCRIPTION_ID` bigint(20) NOT NULL,
  `DATE_CREATED` datetime DEFAULT NULL,
  `DATE_MODIFIED` datetime DEFAULT NULL,
  `UPDT_ID` varchar(20) DEFAULT NULL,
  `DESCRIPTION` longtext,
  `NAME` varchar(120) NOT NULL,
  `TITLE` varchar(100) DEFAULT NULL,
  `PRODUCT_OPTION_COMMENT` longtext,
  `LANGUAGE_ID` int(11) NOT NULL,
  `PRODUCT_OPTION_ID` bigint(20) NOT NULL,
  PRIMARY KEY (`DESCRIPTION_ID`),
  UNIQUE KEY `UK_mkcm8isyyyqbjd1yyb8mrpkuw` (`PRODUCT_OPTION_ID`,`LANGUAGE_ID`),
  KEY `FK_23nqig56qilwn2f6d76cl5ubx` (`LANGUAGE_ID`),
  CONSTRAINT `FK_23nqig56qilwn2f6d76cl5ubx` FOREIGN KEY (`LANGUAGE_ID`) REFERENCES `LANGUAGE` (`LANGUAGE_ID`),
  CONSTRAINT `FK_aa0fbx3v56bjbxwipag3bbdev` FOREIGN KEY (`PRODUCT_OPTION_ID`) REFERENCES `PRODUCT_OPTION` (`PRODUCT_OPTION_ID`)
) ENGINE=InnoDB DEFAULT CHARSET=latin1;
/*!40101 SET character_set_client = @saved_cs_client */;

--
-- Dumping data for table `PRODUCT_OPTION_DESC`
--

LOCK TABLES `PRODUCT_OPTION_DESC` WRITE;
/*!40000 ALTER TABLE `PRODUCT_OPTION_DESC` DISABLE KEYS */;
/*!40000 ALTER TABLE `PRODUCT_OPTION_DESC` ENABLE KEYS */;
UNLOCK TABLES;

--
-- Table structure for table `PRODUCT_OPTION_VALUE`
--

DROP TABLE IF EXISTS `PRODUCT_OPTION_VALUE`;
/*!40101 SET @saved_cs_client     = @@character_set_client */;
/*!40101 SET character_set_client = utf8 */;
CREATE TABLE `PRODUCT_OPTION_VALUE` (
  `PRODUCT_OPTION_VALUE_ID` bigint(20) NOT NULL,
  `PRODUCT_OPTION_VAL_CODE` varchar(255) NOT NULL,
  `PRODUCT_OPT_FOR_DISP` bit(1) DEFAULT NULL,
  `PRODUCT_OPT_VAL_IMAGE` varchar(255) DEFAULT NULL,
  `PRODUCT_OPT_VAL_SORT_ORD` int(11) DEFAULT NULL,
  `MERCHANT_ID` int(11) NOT NULL,
  PRIMARY KEY (`PRODUCT_OPTION_VALUE_ID`),
  UNIQUE KEY `UK_ixbpi4hxrhljh935c3xfvnvsh` (`MERCHANT_ID`,`PRODUCT_OPTION_VAL_CODE`),
  KEY `PRD_OPTION_VAL_CODE_IDX` (`PRODUCT_OPTION_VAL_CODE`),
  CONSTRAINT `FK_9q3e32t980pm3xfonwcb94e9t` FOREIGN KEY (`MERCHANT_ID`) REFERENCES `MERCHANT_STORE` (`MERCHANT_ID`)
) ENGINE=InnoDB DEFAULT CHARSET=latin1;
/*!40101 SET character_set_client = @saved_cs_client */;

--
-- Dumping data for table `PRODUCT_OPTION_VALUE`
--

LOCK TABLES `PRODUCT_OPTION_VALUE` WRITE;
/*!40000 ALTER TABLE `PRODUCT_OPTION_VALUE` DISABLE KEYS */;
/*!40000 ALTER TABLE `PRODUCT_OPTION_VALUE` ENABLE KEYS */;
UNLOCK TABLES;

--
-- Table structure for table `PRODUCT_OPTION_VALUE_DESCRIPTION`
--

DROP TABLE IF EXISTS `PRODUCT_OPTION_VALUE_DESCRIPTION`;
/*!40101 SET @saved_cs_client     = @@character_set_client */;
/*!40101 SET character_set_client = utf8 */;
CREATE TABLE `PRODUCT_OPTION_VALUE_DESCRIPTION` (
  `DESCRIPTION_ID` bigint(20) NOT NULL,
  `DATE_CREATED` datetime DEFAULT NULL,
  `DATE_MODIFIED` datetime DEFAULT NULL,
  `UPDT_ID` varchar(20) DEFAULT NULL,
  `DESCRIPTION` longtext,
  `NAME` varchar(120) NOT NULL,
  `TITLE` varchar(100) DEFAULT NULL,
  `LANGUAGE_ID` int(11) NOT NULL,
  `PRODUCT_OPTION_VALUE_ID` bigint(20) DEFAULT NULL,
  PRIMARY KEY (`DESCRIPTION_ID`),
  UNIQUE KEY `UK_asgc60ot1wy0uho96n0j8429p` (`PRODUCT_OPTION_VALUE_ID`,`LANGUAGE_ID`),
  KEY `FK_hmjmi3k2k2xts6r1b3h59p7dj` (`LANGUAGE_ID`),
  CONSTRAINT `FK_4igjaqwi959o699j6o8jhfftl` FOREIGN KEY (`PRODUCT_OPTION_VALUE_ID`) REFERENCES `PRODUCT_OPTION_VALUE` (`PRODUCT_OPTION_VALUE_ID`),
  CONSTRAINT `FK_hmjmi3k2k2xts6r1b3h59p7dj` FOREIGN KEY (`LANGUAGE_ID`) REFERENCES `LANGUAGE` (`LANGUAGE_ID`)
) ENGINE=InnoDB DEFAULT CHARSET=latin1;
/*!40101 SET character_set_client = @saved_cs_client */;

--
-- Dumping data for table `PRODUCT_OPTION_VALUE_DESCRIPTION`
--

LOCK TABLES `PRODUCT_OPTION_VALUE_DESCRIPTION` WRITE;
/*!40000 ALTER TABLE `PRODUCT_OPTION_VALUE_DESCRIPTION` DISABLE KEYS */;
/*!40000 ALTER TABLE `PRODUCT_OPTION_VALUE_DESCRIPTION` ENABLE KEYS */;
UNLOCK TABLES;

--
-- Table structure for table `PRODUCT_PRICE`
--

DROP TABLE IF EXISTS `PRODUCT_PRICE`;
/*!40101 SET @saved_cs_client     = @@character_set_client */;
/*!40101 SET character_set_client = utf8 */;
CREATE TABLE `PRODUCT_PRICE` (
  `PRODUCT_PRICE_ID` bigint(20) NOT NULL,
  `PRODUCT_PRICE_CODE` varchar(255) NOT NULL,
  `DEFAULT_PRICE` bit(1) DEFAULT NULL,
  `PRODUCT_PRICE_AMOUNT` decimal(19,2) NOT NULL,
  `PRODUCT_PRICE_SPECIAL_AMOUNT` decimal(19,2) DEFAULT NULL,
  `PRODUCT_PRICE_SPECIAL_END_DATE` date DEFAULT NULL,
  `PRODUCT_PRICE_SPECIAL_ST_DATE` date DEFAULT NULL,
  `PRODUCT_PRICE_TYPE` varchar(20) DEFAULT NULL,
  `PRODUCT_AVAIL_ID` bigint(20) NOT NULL,
  PRIMARY KEY (`PRODUCT_PRICE_ID`),
  KEY `FK_bt21fp36gai74hfosfo02wucx` (`PRODUCT_AVAIL_ID`),
  CONSTRAINT `FK_bt21fp36gai74hfosfo02wucx` FOREIGN KEY (`PRODUCT_AVAIL_ID`) REFERENCES `PRODUCT_AVAILABILITY` (`PRODUCT_AVAIL_ID`)
) ENGINE=InnoDB DEFAULT CHARSET=latin1;
/*!40101 SET character_set_client = @saved_cs_client */;

--
-- Dumping data for table `PRODUCT_PRICE`
--

LOCK TABLES `PRODUCT_PRICE` WRITE;
/*!40000 ALTER TABLE `PRODUCT_PRICE` DISABLE KEYS */;
INSERT INTO `PRODUCT_PRICE` VALUES (2,'base','',35.99,NULL,NULL,NULL,'ONE_TIME',2),(7,'base','',22.00,NULL,NULL,NULL,'ONE_TIME',7),(8,'base','',14.95,NULL,NULL,NULL,'ONE_TIME',8),(9,'base','',55.45,NULL,NULL,NULL,'ONE_TIME',9),(10,'base','',33.05,NULL,NULL,NULL,'ONE_TIME',10);
/*!40000 ALTER TABLE `PRODUCT_PRICE` ENABLE KEYS */;
UNLOCK TABLES;

--
-- Table structure for table `PRODUCT_PRICE_DESCRIPTION`
--

DROP TABLE IF EXISTS `PRODUCT_PRICE_DESCRIPTION`;
/*!40101 SET @saved_cs_client     = @@character_set_client */;
/*!40101 SET character_set_client = utf8 */;
CREATE TABLE `PRODUCT_PRICE_DESCRIPTION` (
  `DESCRIPTION_ID` bigint(20) NOT NULL,
  `DATE_CREATED` datetime DEFAULT NULL,
  `DATE_MODIFIED` datetime DEFAULT NULL,
  `UPDT_ID` varchar(20) DEFAULT NULL,
  `DESCRIPTION` longtext,
  `NAME` varchar(120) NOT NULL,
  `TITLE` varchar(100) DEFAULT NULL,
  `LANGUAGE_ID` int(11) NOT NULL,
  `PRODUCT_PRICE_ID` bigint(20) NOT NULL,
  PRIMARY KEY (`DESCRIPTION_ID`),
  UNIQUE KEY `UK_frsw8d41sxxogvxxoyd8nwaxu` (`PRODUCT_PRICE_ID`,`LANGUAGE_ID`),
  KEY `FK_fykbb1jc6rp1nsiaaj9ur40um` (`LANGUAGE_ID`),
  CONSTRAINT `FK_2xu1k5v5blwc7w6x65g4ww0au` FOREIGN KEY (`PRODUCT_PRICE_ID`) REFERENCES `PRODUCT_PRICE` (`PRODUCT_PRICE_ID`),
  CONSTRAINT `FK_fykbb1jc6rp1nsiaaj9ur40um` FOREIGN KEY (`LANGUAGE_ID`) REFERENCES `LANGUAGE` (`LANGUAGE_ID`)
) ENGINE=InnoDB DEFAULT CHARSET=latin1;
/*!40101 SET character_set_client = @saved_cs_client */;

--
-- Dumping data for table `PRODUCT_PRICE_DESCRIPTION`
--

LOCK TABLES `PRODUCT_PRICE_DESCRIPTION` WRITE;
/*!40000 ALTER TABLE `PRODUCT_PRICE_DESCRIPTION` DISABLE KEYS */;
INSERT INTO `PRODUCT_PRICE_DESCRIPTION` VALUES (401,'2018-12-31 21:55:01','2018-12-31 21:55:01',NULL,NULL,'DEFAULT',NULL,1,2),(406,'2018-12-31 22:14:19','2018-12-31 22:14:19',NULL,NULL,'DEFAULT',NULL,1,7),(407,'2018-12-31 22:19:07','2018-12-31 22:19:07',NULL,NULL,'DEFAULT',NULL,1,8),(408,'2018-12-31 22:28:41','2018-12-31 22:28:41',NULL,NULL,'DEFAULT',NULL,1,9),(409,'2018-12-31 22:30:58','2018-12-31 22:30:58',NULL,NULL,'DEFAULT',NULL,1,10);
/*!40000 ALTER TABLE `PRODUCT_PRICE_DESCRIPTION` ENABLE KEYS */;
UNLOCK TABLES;

--
-- Table structure for table `PRODUCT_RELATIONSHIP`
--

DROP TABLE IF EXISTS `PRODUCT_RELATIONSHIP`;
/*!40101 SET @saved_cs_client     = @@character_set_client */;
/*!40101 SET character_set_client = utf8 */;
CREATE TABLE `PRODUCT_RELATIONSHIP` (
  `PRODUCT_RELATIONSHIP_ID` bigint(20) NOT NULL,
  `ACTIVE` bit(1) DEFAULT NULL,
  `CODE` varchar(255) DEFAULT NULL,
  `PRODUCT_ID` bigint(20) DEFAULT NULL,
  `RELATED_PRODUCT_ID` bigint(20) DEFAULT NULL,
  `MERCHANT_ID` int(11) NOT NULL,
  PRIMARY KEY (`PRODUCT_RELATIONSHIP_ID`),
  KEY `FK_soi25dq8dn9vmk1yiggivp2fl` (`PRODUCT_ID`),
  KEY `FK_d1m8psp38jc0nk5ux56918eik` (`RELATED_PRODUCT_ID`),
  KEY `FK_jlyfte1wuvqgdxwwt2fnbg47g` (`MERCHANT_ID`),
  CONSTRAINT `FK_d1m8psp38jc0nk5ux56918eik` FOREIGN KEY (`RELATED_PRODUCT_ID`) REFERENCES `PRODUCT` (`PRODUCT_ID`),
  CONSTRAINT `FK_jlyfte1wuvqgdxwwt2fnbg47g` FOREIGN KEY (`MERCHANT_ID`) REFERENCES `MERCHANT_STORE` (`MERCHANT_ID`),
  CONSTRAINT `FK_soi25dq8dn9vmk1yiggivp2fl` FOREIGN KEY (`PRODUCT_ID`) REFERENCES `PRODUCT` (`PRODUCT_ID`)
) ENGINE=InnoDB DEFAULT CHARSET=latin1;
/*!40101 SET character_set_client = @saved_cs_client */;

--
-- Dumping data for table `PRODUCT_RELATIONSHIP`
--

LOCK TABLES `PRODUCT_RELATIONSHIP` WRITE;
/*!40000 ALTER TABLE `PRODUCT_RELATIONSHIP` DISABLE KEYS */;
INSERT INTO `PRODUCT_RELATIONSHIP` VALUES (1,'','123',NULL,NULL,1);
/*!40000 ALTER TABLE `PRODUCT_RELATIONSHIP` ENABLE KEYS */;
UNLOCK TABLES;

--
-- Table structure for table `PRODUCT_REVIEW`
--

DROP TABLE IF EXISTS `PRODUCT_REVIEW`;
/*!40101 SET @saved_cs_client     = @@character_set_client */;
/*!40101 SET character_set_client = utf8 */;
CREATE TABLE `PRODUCT_REVIEW` (
  `PRODUCT_REVIEW_ID` bigint(20) NOT NULL,
  `DATE_CREATED` datetime DEFAULT NULL,
  `DATE_MODIFIED` datetime DEFAULT NULL,
  `UPDT_ID` varchar(20) DEFAULT NULL,
  `REVIEW_DATE` datetime DEFAULT NULL,
  `REVIEWS_RATING` double DEFAULT NULL,
  `REVIEWS_READ` bigint(20) DEFAULT NULL,
  `STATUS` int(11) DEFAULT NULL,
  `CUSTOMERS_ID` bigint(20) DEFAULT NULL,
  `PRODUCT_ID` bigint(20) DEFAULT NULL,
  PRIMARY KEY (`PRODUCT_REVIEW_ID`),
  UNIQUE KEY `UK_9ew5idgdbk8a77534hbnhd4yb` (`CUSTOMERS_ID`,`PRODUCT_ID`),
  KEY `FK_i1vhr6iv0i07sy5ogjcb7n8un` (`PRODUCT_ID`),
  CONSTRAINT `FK_i1vhr6iv0i07sy5ogjcb7n8un` FOREIGN KEY (`PRODUCT_ID`) REFERENCES `PRODUCT` (`PRODUCT_ID`),
  CONSTRAINT `FK_pvhck0hgg98k948igph4wtjo1` FOREIGN KEY (`CUSTOMERS_ID`) REFERENCES `CUSTOMER` (`CUSTOMER_ID`)
) ENGINE=InnoDB DEFAULT CHARSET=latin1;
/*!40101 SET character_set_client = @saved_cs_client */;

--
-- Dumping data for table `PRODUCT_REVIEW`
--

LOCK TABLES `PRODUCT_REVIEW` WRITE;
/*!40000 ALTER TABLE `PRODUCT_REVIEW` DISABLE KEYS */;
/*!40000 ALTER TABLE `PRODUCT_REVIEW` ENABLE KEYS */;
UNLOCK TABLES;

--
-- Table structure for table `PRODUCT_REVIEW_DESCRIPTION`
--

DROP TABLE IF EXISTS `PRODUCT_REVIEW_DESCRIPTION`;
/*!40101 SET @saved_cs_client     = @@character_set_client */;
/*!40101 SET character_set_client = utf8 */;
CREATE TABLE `PRODUCT_REVIEW_DESCRIPTION` (
  `DESCRIPTION_ID` bigint(20) NOT NULL,
  `DATE_CREATED` datetime DEFAULT NULL,
  `DATE_MODIFIED` datetime DEFAULT NULL,
  `UPDT_ID` varchar(20) DEFAULT NULL,
  `DESCRIPTION` longtext,
  `NAME` varchar(120) NOT NULL,
  `TITLE` varchar(100) DEFAULT NULL,
  `LANGUAGE_ID` int(11) NOT NULL,
  `PRODUCT_REVIEW_ID` bigint(20) DEFAULT NULL,
  PRIMARY KEY (`DESCRIPTION_ID`),
  UNIQUE KEY `UK_qno5wjdtcj8pm3ykkkh7t4rxj` (`PRODUCT_REVIEW_ID`,`LANGUAGE_ID`),
  KEY `FK_n52r1gofhi1sfancu7ld7xp09` (`LANGUAGE_ID`),
  CONSTRAINT `FK_m7su4leperkhlinccx5ec3kja` FOREIGN KEY (`PRODUCT_REVIEW_ID`) REFERENCES `PRODUCT_REVIEW` (`PRODUCT_REVIEW_ID`),
  CONSTRAINT `FK_n52r1gofhi1sfancu7ld7xp09` FOREIGN KEY (`LANGUAGE_ID`) REFERENCES `LANGUAGE` (`LANGUAGE_ID`)
) ENGINE=InnoDB DEFAULT CHARSET=latin1;
/*!40101 SET character_set_client = @saved_cs_client */;

--
-- Dumping data for table `PRODUCT_REVIEW_DESCRIPTION`
--

LOCK TABLES `PRODUCT_REVIEW_DESCRIPTION` WRITE;
/*!40000 ALTER TABLE `PRODUCT_REVIEW_DESCRIPTION` DISABLE KEYS */;
/*!40000 ALTER TABLE `PRODUCT_REVIEW_DESCRIPTION` ENABLE KEYS */;
UNLOCK TABLES;

--
-- Table structure for table `PRODUCT_TYPE`
--

DROP TABLE IF EXISTS `PRODUCT_TYPE`;
/*!40101 SET @saved_cs_client     = @@character_set_client */;
/*!40101 SET character_set_client = utf8 */;
CREATE TABLE `PRODUCT_TYPE` (
  `PRODUCT_TYPE_ID` bigint(20) NOT NULL,
  `PRD_TYPE_ADD_TO_CART` bit(1) DEFAULT NULL,
  `DATE_CREATED` datetime DEFAULT NULL,
  `DATE_MODIFIED` datetime DEFAULT NULL,
  `UPDT_ID` varchar(20) DEFAULT NULL,
  `PRD_TYPE_CODE` varchar(255) DEFAULT NULL,
  PRIMARY KEY (`PRODUCT_TYPE_ID`)
) ENGINE=InnoDB DEFAULT CHARSET=latin1;
/*!40101 SET character_set_client = @saved_cs_client */;

--
-- Dumping data for table `PRODUCT_TYPE`
--

LOCK TABLES `PRODUCT_TYPE` WRITE;
/*!40000 ALTER TABLE `PRODUCT_TYPE` DISABLE KEYS */;
INSERT INTO `PRODUCT_TYPE` VALUES (1,NULL,'2018-12-31 21:30:20','2018-12-31 21:30:20',NULL,'GENERAL');
/*!40000 ALTER TABLE `PRODUCT_TYPE` ENABLE KEYS */;
UNLOCK TABLES;

--
-- Table structure for table `SHIPING_ORIGIN`
--

DROP TABLE IF EXISTS `SHIPING_ORIGIN`;
/*!40101 SET @saved_cs_client     = @@character_set_client */;
/*!40101 SET character_set_client = utf8 */;
CREATE TABLE `SHIPING_ORIGIN` (
  `SHIP_ORIGIN_ID` bigint(20) NOT NULL,
  `ACTIVE` bit(1) DEFAULT NULL,
  `STREET_ADDRESS` varchar(256) NOT NULL,
  `CITY` varchar(100) NOT NULL,
  `POSTCODE` varchar(20) NOT NULL,
  `STATE` varchar(100) DEFAULT NULL,
  `COUNTRY_ID` int(11) DEFAULT NULL,
  `MERCHANT_ID` int(11) NOT NULL,
  `ZONE_ID` bigint(20) DEFAULT NULL,
  PRIMARY KEY (`SHIP_ORIGIN_ID`),
  KEY `FK_74fk2wqic6o7iayx04ojn63du` (`COUNTRY_ID`),
  KEY `FK_8lvfncpkdnd2ivn245u3792k3` (`MERCHANT_ID`),
  KEY `FK_qubd75iis2h2u0pmncwp2ergp` (`ZONE_ID`),
  CONSTRAINT `FK_74fk2wqic6o7iayx04ojn63du` FOREIGN KEY (`COUNTRY_ID`) REFERENCES `COUNTRY` (`COUNTRY_ID`),
  CONSTRAINT `FK_8lvfncpkdnd2ivn245u3792k3` FOREIGN KEY (`MERCHANT_ID`) REFERENCES `MERCHANT_STORE` (`MERCHANT_ID`),
  CONSTRAINT `FK_qubd75iis2h2u0pmncwp2ergp` FOREIGN KEY (`ZONE_ID`) REFERENCES `ZONE` (`ZONE_ID`)
) ENGINE=InnoDB DEFAULT CHARSET=latin1;
/*!40101 SET character_set_client = @saved_cs_client */;

--
-- Dumping data for table `SHIPING_ORIGIN`
--

LOCK TABLES `SHIPING_ORIGIN` WRITE;
/*!40000 ALTER TABLE `SHIPING_ORIGIN` DISABLE KEYS */;
/*!40000 ALTER TABLE `SHIPING_ORIGIN` ENABLE KEYS */;
UNLOCK TABLES;

--
-- Table structure for table `SHIPPING_QUOTE`
--

DROP TABLE IF EXISTS `SHIPPING_QUOTE`;
/*!40101 SET @saved_cs_client     = @@character_set_client */;
/*!40101 SET character_set_client = utf8 */;
CREATE TABLE `SHIPPING_QUOTE` (
  `SHIPPING_QUOTE_ID` bigint(20) NOT NULL,
  `CART_ID` bigint(20) DEFAULT NULL,
  `CUSTOMER_ID` bigint(20) DEFAULT NULL,
  `DELIVERY_STREET_ADDRESS` varchar(256) DEFAULT NULL,
  `DELIVERY_CITY` varchar(100) DEFAULT NULL,
  `DELIVERY_COMPANY` varchar(100) DEFAULT NULL,
  `DELIVERY_FIRST_NAME` varchar(64) DEFAULT NULL,
  `DELIVERY_LAST_NAME` varchar(64) DEFAULT NULL,
  `DELIVERY_POSTCODE` varchar(20) DEFAULT NULL,
  `DELIVERY_STATE` varchar(100) DEFAULT NULL,
  `DELIVERY_TELEPHONE` varchar(32) DEFAULT NULL,
  `SHIPPING_NUMBER_DAYS` int(11) DEFAULT NULL,
  `FREE_SHIPPING` bit(1) DEFAULT NULL,
  `QUOTE_HANDLING` decimal(19,2) DEFAULT NULL,
  `MODULE` varchar(255) NOT NULL,
  `OPTION_CODE` varchar(255) DEFAULT NULL,
  `OPTION_DELIVERY_DATE` datetime DEFAULT NULL,
  `OPTION_NAME` varchar(255) DEFAULT NULL,
  `OPTION_SHIPPING_DATE` datetime DEFAULT NULL,
  `ORDER_ID` bigint(20) DEFAULT NULL,
  `QUOTE_PRICE` decimal(19,2) DEFAULT NULL,
  `QUOTE_DATE` datetime DEFAULT NULL,
  `DELIVERY_COUNTRY_ID` int(11) DEFAULT NULL,
  `DELIVERY_ZONE_ID` bigint(20) DEFAULT NULL,
  PRIMARY KEY (`SHIPPING_QUOTE_ID`),
  KEY `FK_d20pfg92gsn2m93b3q172gjlv` (`DELIVERY_COUNTRY_ID`),
  KEY `FK_ldcx5d9ghtpsyb0qwrqc4chi2` (`DELIVERY_ZONE_ID`),
  CONSTRAINT `FK_d20pfg92gsn2m93b3q172gjlv` FOREIGN KEY (`DELIVERY_COUNTRY_ID`) REFERENCES `COUNTRY` (`COUNTRY_ID`),
  CONSTRAINT `FK_ldcx5d9ghtpsyb0qwrqc4chi2` FOREIGN KEY (`DELIVERY_ZONE_ID`) REFERENCES `ZONE` (`ZONE_ID`)
) ENGINE=InnoDB DEFAULT CHARSET=latin1;
/*!40101 SET character_set_client = @saved_cs_client */;

--
-- Dumping data for table `SHIPPING_QUOTE`
--

LOCK TABLES `SHIPPING_QUOTE` WRITE;
/*!40000 ALTER TABLE `SHIPPING_QUOTE` DISABLE KEYS */;
/*!40000 ALTER TABLE `SHIPPING_QUOTE` ENABLE KEYS */;
UNLOCK TABLES;

--
-- Table structure for table `SHOPPING_CART`
--

DROP TABLE IF EXISTS `SHOPPING_CART`;
/*!40101 SET @saved_cs_client     = @@character_set_client */;
/*!40101 SET character_set_client = utf8 */;
CREATE TABLE `SHOPPING_CART` (
  `SHP_CART_ID` bigint(20) NOT NULL,
  `DATE_CREATED` datetime DEFAULT NULL,
  `DATE_MODIFIED` datetime DEFAULT NULL,
  `UPDT_ID` varchar(20) DEFAULT NULL,
  `CUSTOMER_ID` bigint(20) DEFAULT NULL,
  `SHP_CART_CODE` varchar(255) NOT NULL,
  `MERCHANT_ID` int(11) NOT NULL,
  PRIMARY KEY (`SHP_CART_ID`),
  UNIQUE KEY `UK_8ld8p40fwrjobi7t3n95pna35` (`SHP_CART_CODE`),
  KEY `SHP_CART_CODE_IDX` (`SHP_CART_CODE`),
  KEY `SHP_CART_CUSTOMER_IDX` (`CUSTOMER_ID`),
  KEY `FK_q71ctu5sjtuird3f07paim1f2` (`MERCHANT_ID`),
  CONSTRAINT `FK_q71ctu5sjtuird3f07paim1f2` FOREIGN KEY (`MERCHANT_ID`) REFERENCES `MERCHANT_STORE` (`MERCHANT_ID`)
) ENGINE=InnoDB DEFAULT CHARSET=latin1;
/*!40101 SET character_set_client = @saved_cs_client */;

--
-- Dumping data for table `SHOPPING_CART`
--

LOCK TABLES `SHOPPING_CART` WRITE;
/*!40000 ALTER TABLE `SHOPPING_CART` DISABLE KEYS */;
INSERT INTO `SHOPPING_CART` VALUES (1,'2018-12-31 22:31:30','2018-12-31 22:56:06',NULL,NULL,'81860dfd2fb64122b39b51f5ad03171d',1);
/*!40000 ALTER TABLE `SHOPPING_CART` ENABLE KEYS */;
UNLOCK TABLES;

--
-- Table structure for table `SHOPPING_CART_ATTR_ITEM`
--

DROP TABLE IF EXISTS `SHOPPING_CART_ATTR_ITEM`;
/*!40101 SET @saved_cs_client     = @@character_set_client */;
/*!40101 SET character_set_client = utf8 */;
CREATE TABLE `SHOPPING_CART_ATTR_ITEM` (
  `SHP_CART_ATTR_ITEM_ID` bigint(20) NOT NULL,
  `DATE_CREATED` datetime DEFAULT NULL,
  `DATE_MODIFIED` datetime DEFAULT NULL,
  `UPDT_ID` varchar(20) DEFAULT NULL,
  `PRODUCT_ATTR_ID` bigint(20) NOT NULL,
  `SHP_CART_ITEM_ID` bigint(20) NOT NULL,
  PRIMARY KEY (`SHP_CART_ATTR_ITEM_ID`),
  KEY `FK_sc176ct7c75smml3pppgd6x7n` (`SHP_CART_ITEM_ID`),
  CONSTRAINT `FK_sc176ct7c75smml3pppgd6x7n` FOREIGN KEY (`SHP_CART_ITEM_ID`) REFERENCES `SHOPPING_CART_ITEM` (`SHP_CART_ITEM_ID`)
) ENGINE=InnoDB DEFAULT CHARSET=latin1;
/*!40101 SET character_set_client = @saved_cs_client */;

--
-- Dumping data for table `SHOPPING_CART_ATTR_ITEM`
--

LOCK TABLES `SHOPPING_CART_ATTR_ITEM` WRITE;
/*!40000 ALTER TABLE `SHOPPING_CART_ATTR_ITEM` DISABLE KEYS */;
/*!40000 ALTER TABLE `SHOPPING_CART_ATTR_ITEM` ENABLE KEYS */;
UNLOCK TABLES;

--
-- Table structure for table `SHOPPING_CART_ITEM`
--

DROP TABLE IF EXISTS `SHOPPING_CART_ITEM`;
/*!40101 SET @saved_cs_client     = @@character_set_client */;
/*!40101 SET character_set_client = utf8 */;
CREATE TABLE `SHOPPING_CART_ITEM` (
  `SHP_CART_ITEM_ID` bigint(20) NOT NULL,
  `DATE_CREATED` datetime DEFAULT NULL,
  `DATE_MODIFIED` datetime DEFAULT NULL,
  `UPDT_ID` varchar(20) DEFAULT NULL,
  `PRODUCT_ID` bigint(20) NOT NULL,
  `QUANTITY` int(11) DEFAULT NULL,
  `SHP_CART_ID` bigint(20) NOT NULL,
  PRIMARY KEY (`SHP_CART_ITEM_ID`),
  KEY `FK_8nwkbdvovjbaqovh1omtdqd4s` (`SHP_CART_ID`),
  CONSTRAINT `FK_8nwkbdvovjbaqovh1omtdqd4s` FOREIGN KEY (`SHP_CART_ID`) REFERENCES `SHOPPING_CART` (`SHP_CART_ID`)
) ENGINE=InnoDB DEFAULT CHARSET=latin1;
/*!40101 SET character_set_client = @saved_cs_client */;

--
-- Dumping data for table `SHOPPING_CART_ITEM`
--

LOCK TABLES `SHOPPING_CART_ITEM` WRITE;
/*!40000 ALTER TABLE `SHOPPING_CART_ITEM` DISABLE KEYS */;
INSERT INTO `SHOPPING_CART_ITEM` VALUES (1,'2018-12-31 22:31:30','2018-12-31 22:56:35',NULL,10,1,1),(50,'2018-12-31 22:55:49','2018-12-31 22:56:06',NULL,8,1,1);
/*!40000 ALTER TABLE `SHOPPING_CART_ITEM` ENABLE KEYS */;
UNLOCK TABLES;

--
-- Table structure for table `SM_GROUP`
--

DROP TABLE IF EXISTS `SM_GROUP`;
/*!40101 SET @saved_cs_client     = @@character_set_client */;
/*!40101 SET character_set_client = utf8 */;
CREATE TABLE `SM_GROUP` (
  `GROUP_ID` int(11) NOT NULL,
  `DATE_CREATED` datetime DEFAULT NULL,
  `DATE_MODIFIED` datetime DEFAULT NULL,
  `UPDT_ID` varchar(20) DEFAULT NULL,
  `GROUP_NAME` varchar(255) NOT NULL,
  `GROUP_TYPE` varchar(255) DEFAULT NULL,
  PRIMARY KEY (`GROUP_ID`),
  UNIQUE KEY `UK_t83rjsoml3o785oj37lpqpyko` (`GROUP_NAME`)
) ENGINE=InnoDB DEFAULT CHARSET=latin1;
/*!40101 SET character_set_client = @saved_cs_client */;

--
-- Dumping data for table `SM_GROUP`
--

LOCK TABLES `SM_GROUP` WRITE;
/*!40000 ALTER TABLE `SM_GROUP` DISABLE KEYS */;
INSERT INTO `SM_GROUP` VALUES (1,'2018-12-31 21:30:21','2018-12-31 21:30:21',NULL,'SUPERADMIN','ADMIN'),(2,'2018-12-31 21:30:21','2018-12-31 21:30:21',NULL,'ADMIN','ADMIN'),(3,'2018-12-31 21:30:21','2018-12-31 21:30:21',NULL,'ADMIN_CATALOGUE','ADMIN'),(4,'2018-12-31 21:30:21','2018-12-31 21:30:21',NULL,'ADMIN_STORE','ADMIN'),(5,'2018-12-31 21:30:21','2018-12-31 21:30:21',NULL,'ADMIN_ORDER','ADMIN'),(6,'2018-12-31 21:30:21','2018-12-31 21:30:21',NULL,'ADMIN_CONTENT','ADMIN'),(7,'2018-12-31 21:30:21','2018-12-31 21:30:21',NULL,'CUSTOMER','ADMIN');
/*!40000 ALTER TABLE `SM_GROUP` ENABLE KEYS */;
UNLOCK TABLES;

--
-- Table structure for table `SM_SEQUENCER`
--

DROP TABLE IF EXISTS `SM_SEQUENCER`;
/*!40101 SET @saved_cs_client     = @@character_set_client */;
/*!40101 SET character_set_client = utf8 */;
CREATE TABLE `SM_SEQUENCER` (
  `SEQ_NAME` varchar(255) DEFAULT NULL,
  `SEQ_COUNT` int(11) DEFAULT NULL
) ENGINE=InnoDB DEFAULT CHARSET=latin1;
/*!40101 SET character_set_client = @saved_cs_client */;

--
-- Dumping data for table `SM_SEQUENCER`
--

LOCK TABLES `SM_SEQUENCER` WRITE;
/*!40000 ALTER TABLE `SM_SEQUENCER` DISABLE KEYS */;
INSERT INTO `SM_SEQUENCER` VALUES ('LANG_SEQ_NEXT_VAL',1),('COUNTRY_SEQ_NEXT_VAL',2),('DESCRIPTION_SEQ_NEXT_VAL',11),('ZONE_SEQ_NEXT_VAL',4),('CURRENCY_SEQ_NEXT_VAL',4),('PRD_TYPE_SEQ_NEXT_VAL',1),('MOD_CONF_SEQ_NEXT_VAL',1),('STORE_SEQ_NEXT_VAL',1),('TX_CLASS_SEQ_NEXT_VAL',1),('MANUFACT_SEQ_NEXT_VAL',1),('GROUP_SEQ_NEXT_VAL',1),('PERMISSION_SEQ_NEXT_VAL',1),('USER_SEQ_NEXT_VAL',1),('MERCH_CONF_SEQ_NEXT_VAL',1),('CATEGORY_SEQ_NEXT_VAL',1),('PRODUCT_SEQ_NEXT_VAL',1),('PRODUCT_AVAIL_SEQ_NEXT_VAL',1),('PRODUCT_PRICE_SEQ_NEXT_VAL',1),('PRODUCT_IMG_SEQ_NEXT_VAL',1),('PRODUCT_RELATION_SEQ_NEXT_VAL',1),('SHP_CRT_SEQ_NEXT_VAL',1),('SHP_CRT_ITM_SEQ_NEXT_VAL',2);
/*!40000 ALTER TABLE `SM_SEQUENCER` ENABLE KEYS */;
UNLOCK TABLES;

--
-- Table structure for table `SM_TRANSACTION`
--

DROP TABLE IF EXISTS `SM_TRANSACTION`;
/*!40101 SET @saved_cs_client     = @@character_set_client */;
/*!40101 SET character_set_client = utf8 */;
CREATE TABLE `SM_TRANSACTION` (
  `TRANSACTION_ID` bigint(20) NOT NULL,
  `AMOUNT` decimal(19,2) DEFAULT NULL,
  `DATE_CREATED` datetime DEFAULT NULL,
  `DATE_MODIFIED` datetime DEFAULT NULL,
  `UPDT_ID` varchar(20) DEFAULT NULL,
  `DETAILS` longtext,
  `PAYMENT_TYPE` varchar(255) DEFAULT NULL,
  `TRANSACTION_DATE` datetime DEFAULT NULL,
  `TRANSACTION_TYPE` varchar(255) DEFAULT NULL,
  `ORDER_ID` bigint(20) DEFAULT NULL,
  PRIMARY KEY (`TRANSACTION_ID`),
  KEY `FK_ajwett661pbjo6u9tk74ochve` (`ORDER_ID`),
  CONSTRAINT `FK_ajwett661pbjo6u9tk74ochve` FOREIGN KEY (`ORDER_ID`) REFERENCES `ORDERS` (`ORDER_ID`)
) ENGINE=InnoDB DEFAULT CHARSET=latin1;
/*!40101 SET character_set_client = @saved_cs_client */;

--
-- Dumping data for table `SM_TRANSACTION`
--

LOCK TABLES `SM_TRANSACTION` WRITE;
/*!40000 ALTER TABLE `SM_TRANSACTION` DISABLE KEYS */;
/*!40000 ALTER TABLE `SM_TRANSACTION` ENABLE KEYS */;
UNLOCK TABLES;

--
-- Table structure for table `SYSTEM_CONFIGURATION`
--

DROP TABLE IF EXISTS `SYSTEM_CONFIGURATION`;
/*!40101 SET @saved_cs_client     = @@character_set_client */;
/*!40101 SET character_set_client = utf8 */;
CREATE TABLE `SYSTEM_CONFIGURATION` (
  `SYSTEM_CONFIG_ID` bigint(20) NOT NULL,
  `DATE_CREATED` datetime DEFAULT NULL,
  `DATE_MODIFIED` datetime DEFAULT NULL,
  `UPDT_ID` varchar(20) DEFAULT NULL,
  `CONFIG_KEY` varchar(255) DEFAULT NULL,
  `VALUE` varchar(255) DEFAULT NULL,
  PRIMARY KEY (`SYSTEM_CONFIG_ID`)
) ENGINE=InnoDB DEFAULT CHARSET=latin1;
/*!40101 SET character_set_client = @saved_cs_client */;

--
-- Dumping data for table `SYSTEM_CONFIGURATION`
--

LOCK TABLES `SYSTEM_CONFIGURATION` WRITE;
/*!40000 ALTER TABLE `SYSTEM_CONFIGURATION` DISABLE KEYS */;
/*!40000 ALTER TABLE `SYSTEM_CONFIGURATION` ENABLE KEYS */;
UNLOCK TABLES;

--
-- Table structure for table `SYSTEM_NOTIFICATION`
--

DROP TABLE IF EXISTS `SYSTEM_NOTIFICATION`;
/*!40101 SET @saved_cs_client     = @@character_set_client */;
/*!40101 SET character_set_client = utf8 */;
CREATE TABLE `SYSTEM_NOTIFICATION` (
  `SYSTEM_NOTIF_ID` bigint(20) NOT NULL,
  `DATE_CREATED` datetime DEFAULT NULL,
  `DATE_MODIFIED` datetime DEFAULT NULL,
  `UPDT_ID` varchar(20) DEFAULT NULL,
  `END_DATE` date DEFAULT NULL,
  `CONFIG_KEY` varchar(255) DEFAULT NULL,
  `START_DATE` date DEFAULT NULL,
  `VALUE` varchar(255) DEFAULT NULL,
  `MERCHANT_ID` int(11) DEFAULT NULL,
  `USER_ID` bigint(20) DEFAULT NULL,
  PRIMARY KEY (`SYSTEM_NOTIF_ID`),
  UNIQUE KEY `UK_npdnlc390vgr2mhepib1mtrmr` (`MERCHANT_ID`,`CONFIG_KEY`),
  KEY `FK_jw5seps7hq717mgsqjrequeou` (`USER_ID`),
  CONSTRAINT `FK_6pow79mefofmd6svpdb47p1tq` FOREIGN KEY (`MERCHANT_ID`) REFERENCES `MERCHANT_STORE` (`MERCHANT_ID`),
  CONSTRAINT `FK_jw5seps7hq717mgsqjrequeou` FOREIGN KEY (`USER_ID`) REFERENCES `USER` (`USER_ID`)
) ENGINE=InnoDB DEFAULT CHARSET=latin1;
/*!40101 SET character_set_client = @saved_cs_client */;

--
-- Dumping data for table `SYSTEM_NOTIFICATION`
--

LOCK TABLES `SYSTEM_NOTIFICATION` WRITE;
/*!40000 ALTER TABLE `SYSTEM_NOTIFICATION` DISABLE KEYS */;
/*!40000 ALTER TABLE `SYSTEM_NOTIFICATION` ENABLE KEYS */;
UNLOCK TABLES;

--
-- Table structure for table `TAX_CLASS`
--

DROP TABLE IF EXISTS `TAX_CLASS`;
/*!40101 SET @saved_cs_client     = @@character_set_client */;
/*!40101 SET character_set_client = utf8 */;
CREATE TABLE `TAX_CLASS` (
  `TAX_CLASS_ID` bigint(20) NOT NULL,
  `TAX_CLASS_CODE` varchar(10) NOT NULL,
  `TAX_CLASS_TITLE` varchar(32) NOT NULL,
  `MERCHANT_ID` int(11) DEFAULT NULL,
  PRIMARY KEY (`TAX_CLASS_ID`),
  UNIQUE KEY `UK_a4q5q57a8oeh2ojeo8dhr935k` (`MERCHANT_ID`,`TAX_CLASS_CODE`),
  CONSTRAINT `FK_hs8kji9qd3y9sc8yb38k8fefb` FOREIGN KEY (`MERCHANT_ID`) REFERENCES `MERCHANT_STORE` (`MERCHANT_ID`)
) ENGINE=InnoDB DEFAULT CHARSET=latin1;
/*!40101 SET character_set_client = @saved_cs_client */;

--
-- Dumping data for table `TAX_CLASS`
--

LOCK TABLES `TAX_CLASS` WRITE;
/*!40000 ALTER TABLE `TAX_CLASS` DISABLE KEYS */;
INSERT INTO `TAX_CLASS` VALUES (1,'DEFAULT','DEFAULT',1);
/*!40000 ALTER TABLE `TAX_CLASS` ENABLE KEYS */;
UNLOCK TABLES;

--
-- Table structure for table `TAX_RATE`
--

DROP TABLE IF EXISTS `TAX_RATE`;
/*!40101 SET @saved_cs_client     = @@character_set_client */;
/*!40101 SET character_set_client = utf8 */;
CREATE TABLE `TAX_RATE` (
  `TAX_RATE_ID` bigint(20) NOT NULL,
  `DATE_CREATED` datetime DEFAULT NULL,
  `DATE_MODIFIED` datetime DEFAULT NULL,
  `UPDT_ID` varchar(20) DEFAULT NULL,
  `TAX_CODE` varchar(255) NOT NULL,
  `PIGGYBACK` bit(1) DEFAULT NULL,
  `STORE_STATE_PROV` varchar(100) DEFAULT NULL,
  `TAX_PRIORITY` int(11) DEFAULT NULL,
  `TAX_RATE` decimal(7,4) NOT NULL,
  `COUNTRY_ID` int(11) NOT NULL,
  `MERCHANT_ID` int(11) NOT NULL,
  `PARENT_ID` bigint(20) DEFAULT NULL,
  `TAX_CLASS_ID` bigint(20) NOT NULL,
  `ZONE_ID` bigint(20) DEFAULT NULL,
  PRIMARY KEY (`TAX_RATE_ID`),
  UNIQUE KEY `UK_8gh6l9n0xq03b91sglp62oelu` (`TAX_CODE`,`MERCHANT_ID`),
  KEY `FK_4dk6cmp3gpa7y7wuwbesvpetb` (`COUNTRY_ID`),
  KEY `FK_35a95oa56qeqjqltvfh5wo2h7` (`MERCHANT_ID`),
  KEY `FK_5g3sbaqbfh5fny7ehf58pk869` (`PARENT_ID`),
  KEY `FK_q45avgtx0scd4e5m2m3k6i3rv` (`TAX_CLASS_ID`),
  KEY `FK_d505g6bra836ja1kamcnhkiju` (`ZONE_ID`),
  CONSTRAINT `FK_35a95oa56qeqjqltvfh5wo2h7` FOREIGN KEY (`MERCHANT_ID`) REFERENCES `MERCHANT_STORE` (`MERCHANT_ID`),
  CONSTRAINT `FK_4dk6cmp3gpa7y7wuwbesvpetb` FOREIGN KEY (`COUNTRY_ID`) REFERENCES `COUNTRY` (`COUNTRY_ID`),
  CONSTRAINT `FK_5g3sbaqbfh5fny7ehf58pk869` FOREIGN KEY (`PARENT_ID`) REFERENCES `TAX_RATE` (`TAX_RATE_ID`),
  CONSTRAINT `FK_d505g6bra836ja1kamcnhkiju` FOREIGN KEY (`ZONE_ID`) REFERENCES `ZONE` (`ZONE_ID`),
  CONSTRAINT `FK_q45avgtx0scd4e5m2m3k6i3rv` FOREIGN KEY (`TAX_CLASS_ID`) REFERENCES `TAX_CLASS` (`TAX_CLASS_ID`)
) ENGINE=InnoDB DEFAULT CHARSET=latin1;
/*!40101 SET character_set_client = @saved_cs_client */;

--
-- Dumping data for table `TAX_RATE`
--

LOCK TABLES `TAX_RATE` WRITE;
/*!40000 ALTER TABLE `TAX_RATE` DISABLE KEYS */;
/*!40000 ALTER TABLE `TAX_RATE` ENABLE KEYS */;
UNLOCK TABLES;

--
-- Table structure for table `TAX_RATE_DESCRIPTION`
--

DROP TABLE IF EXISTS `TAX_RATE_DESCRIPTION`;
/*!40101 SET @saved_cs_client     = @@character_set_client */;
/*!40101 SET character_set_client = utf8 */;
CREATE TABLE `TAX_RATE_DESCRIPTION` (
  `DESCRIPTION_ID` bigint(20) NOT NULL,
  `DATE_CREATED` datetime DEFAULT NULL,
  `DATE_MODIFIED` datetime DEFAULT NULL,
  `UPDT_ID` varchar(20) DEFAULT NULL,
  `DESCRIPTION` longtext,
  `NAME` varchar(120) NOT NULL,
  `TITLE` varchar(100) DEFAULT NULL,
  `LANGUAGE_ID` int(11) NOT NULL,
  `TAX_RATE_ID` bigint(20) DEFAULT NULL,
  PRIMARY KEY (`DESCRIPTION_ID`),
  UNIQUE KEY `UK_t3xg8pl88yacdxg49nb46effg` (`TAX_RATE_ID`,`LANGUAGE_ID`),
  KEY `FK_5g26jyni5x8li9apet7eo5atg` (`LANGUAGE_ID`),
  CONSTRAINT `FK_5g26jyni5x8li9apet7eo5atg` FOREIGN KEY (`LANGUAGE_ID`) REFERENCES `LANGUAGE` (`LANGUAGE_ID`),
  CONSTRAINT `FK_ld9jwc8vxb7ftku6yxx2mkjbf` FOREIGN KEY (`TAX_RATE_ID`) REFERENCES `TAX_RATE` (`TAX_RATE_ID`)
) ENGINE=InnoDB DEFAULT CHARSET=latin1;
/*!40101 SET character_set_client = @saved_cs_client */;

--
-- Dumping data for table `TAX_RATE_DESCRIPTION`
--

LOCK TABLES `TAX_RATE_DESCRIPTION` WRITE;
/*!40000 ALTER TABLE `TAX_RATE_DESCRIPTION` DISABLE KEYS */;
/*!40000 ALTER TABLE `TAX_RATE_DESCRIPTION` ENABLE KEYS */;
UNLOCK TABLES;

--
-- Table structure for table `USER`
--

DROP TABLE IF EXISTS `USER`;
/*!40101 SET @saved_cs_client     = @@character_set_client */;
/*!40101 SET character_set_client = utf8 */;
CREATE TABLE `USER` (
  `USER_ID` bigint(20) NOT NULL,
  `ACTIVE` bit(1) DEFAULT NULL,
  `ADMIN_EMAIL` varchar(255) NOT NULL,
  `ADMIN_NAME` varchar(100) NOT NULL,
  `ADMIN_PASSWORD` varchar(60) NOT NULL,
  `ADMIN_A1` varchar(255) DEFAULT NULL,
  `ADMIN_A2` varchar(255) DEFAULT NULL,
  `ADMIN_A3` varchar(255) DEFAULT NULL,
  `DATE_CREATED` datetime DEFAULT NULL,
  `DATE_MODIFIED` datetime DEFAULT NULL,
  `UPDT_ID` varchar(20) DEFAULT NULL,
  `ADMIN_FIRST_NAME` varchar(255) DEFAULT NULL,
  `LAST_ACCESS` datetime DEFAULT NULL,
  `ADMIN_LAST_NAME` varchar(255) DEFAULT NULL,
  `LOGIN_ACCESS` datetime DEFAULT NULL,
  `ADMIN_Q1` varchar(255) DEFAULT NULL,
  `ADMIN_Q2` varchar(255) DEFAULT NULL,
  `ADMIN_Q3` varchar(255) DEFAULT NULL,
  `LANGUAGE_ID` int(11) DEFAULT NULL,
  `MERCHANT_ID` int(11) NOT NULL,
  PRIMARY KEY (`USER_ID`),
  UNIQUE KEY `UK_7rbcj0gstolij2mp5g3xc7xfu` (`ADMIN_NAME`),
  KEY `FK_k7sh5ke7r2tlfe6nllvpa7ynu` (`LANGUAGE_ID`),
  KEY `FK_650chnyaktynqq6ykvjp39h0v` (`MERCHANT_ID`),
  CONSTRAINT `FK_650chnyaktynqq6ykvjp39h0v` FOREIGN KEY (`MERCHANT_ID`) REFERENCES `MERCHANT_STORE` (`MERCHANT_ID`),
  CONSTRAINT `FK_k7sh5ke7r2tlfe6nllvpa7ynu` FOREIGN KEY (`LANGUAGE_ID`) REFERENCES `LANGUAGE` (`LANGUAGE_ID`)
) ENGINE=InnoDB DEFAULT CHARSET=latin1;
/*!40101 SET character_set_client = @saved_cs_client */;

--
-- Dumping data for table `USER`
--

LOCK TABLES `USER` WRITE;
/*!40000 ALTER TABLE `USER` DISABLE KEYS */;
INSERT INTO `USER` VALUES (1,'','admin@shopizer.com','admin','$2a$11$P7bv.6/iw9ApJsNA/182MO6HdhayFjMTCm852CkJAk0EMeEbPyI1e',NULL,NULL,NULL,'2018-12-31 21:30:21','2018-12-31 21:31:50',NULL,'Administrator','2018-12-31 21:31:50','User','2018-12-31 21:31:50',NULL,NULL,NULL,NULL,1);
/*!40000 ALTER TABLE `USER` ENABLE KEYS */;
UNLOCK TABLES;

--
-- Table structure for table `USER_GROUP`
--

DROP TABLE IF EXISTS `USER_GROUP`;
/*!40101 SET @saved_cs_client     = @@character_set_client */;
/*!40101 SET character_set_client = utf8 */;
CREATE TABLE `USER_GROUP` (
  `USER_ID` bigint(20) NOT NULL,
  `GROUP_ID` int(11) NOT NULL,
  KEY `FK_4ex9p3ihrxoysn8k46kh965sf` (`GROUP_ID`),
  KEY `FK_3at466hpmis1abruuh3x6nftg` (`USER_ID`),
  CONSTRAINT `FK_3at466hpmis1abruuh3x6nftg` FOREIGN KEY (`USER_ID`) REFERENCES `USER` (`USER_ID`),
  CONSTRAINT `FK_4ex9p3ihrxoysn8k46kh965sf` FOREIGN KEY (`GROUP_ID`) REFERENCES `SM_GROUP` (`GROUP_ID`)
) ENGINE=InnoDB DEFAULT CHARSET=latin1;
/*!40101 SET character_set_client = @saved_cs_client */;

--
-- Dumping data for table `USER_GROUP`
--

LOCK TABLES `USER_GROUP` WRITE;
/*!40000 ALTER TABLE `USER_GROUP` DISABLE KEYS */;
INSERT INTO `USER_GROUP` VALUES (1,1),(1,2);
/*!40000 ALTER TABLE `USER_GROUP` ENABLE KEYS */;
UNLOCK TABLES;

--
-- Table structure for table `UserConnection`
--

DROP TABLE IF EXISTS `UserConnection`;
/*!40101 SET @saved_cs_client     = @@character_set_client */;
/*!40101 SET character_set_client = utf8 */;
CREATE TABLE `UserConnection` (
  `providerId` varchar(255) NOT NULL,
  `providerUserId` varchar(255) NOT NULL,
  `userId` varchar(255) NOT NULL,
  `accessToken` varchar(255) DEFAULT NULL,
  `displayName` varchar(255) DEFAULT NULL,
  `expireTime` bigint(20) DEFAULT NULL,
  `imageUrl` varchar(255) DEFAULT NULL,
  `profileUrl` varchar(255) DEFAULT NULL,
  `rank` int(11) NOT NULL,
  `refreshToken` varchar(255) DEFAULT NULL,
  `secret` varchar(255) DEFAULT NULL,
  PRIMARY KEY (`providerId`,`providerUserId`,`userId`)
) ENGINE=InnoDB DEFAULT CHARSET=latin1;
/*!40101 SET character_set_client = @saved_cs_client */;

--
-- Dumping data for table `UserConnection`
--

LOCK TABLES `UserConnection` WRITE;
/*!40000 ALTER TABLE `UserConnection` DISABLE KEYS */;
/*!40000 ALTER TABLE `UserConnection` ENABLE KEYS */;
UNLOCK TABLES;

--
-- Table structure for table `ZONE`
--

DROP TABLE IF EXISTS `ZONE`;
/*!40101 SET @saved_cs_client     = @@character_set_client */;
/*!40101 SET character_set_client = utf8 */;
CREATE TABLE `ZONE` (
  `ZONE_ID` bigint(20) NOT NULL,
  `ZONE_CODE` varchar(255) NOT NULL,
  `COUNTRY_ID` int(11) NOT NULL,
  PRIMARY KEY (`ZONE_ID`),
  UNIQUE KEY `UK_4tq3p5w8k4h4easyf5t3n1jdr` (`ZONE_CODE`),
  KEY `FK_7u7308kmafqhsvht9xwaba9h8` (`COUNTRY_ID`),
  CONSTRAINT `FK_7u7308kmafqhsvht9xwaba9h8` FOREIGN KEY (`COUNTRY_ID`) REFERENCES `COUNTRY` (`COUNTRY_ID`)
) ENGINE=InnoDB DEFAULT CHARSET=latin1;
/*!40101 SET character_set_client = @saved_cs_client */;

--
-- Dumping data for table `ZONE`
--

LOCK TABLES `ZONE` WRITE;
/*!40000 ALTER TABLE `ZONE` DISABLE KEYS */;
INSERT INTO `ZONE` VALUES (1,'Guipuzcoa',79),(2,'HI',91),(3,'PR',91),(4,'Zamora',79),(5,'Vizcaya',79),(6,'Albacete',79),(7,'Lleida',79),(8,'QC',13),(9,'NRW',30),(10,'IA',91),(11,'ID',91),(12,'YT',13),(13,'Leon',79),(14,'ACorua',79),(15,'Castellon',79),(16,'LasPalmas',79),(17,'Pontevedra',79),(18,'AA',91),(19,'Teruel',79),(20,'AB',13),(21,'AC',91),(22,'IL',91),(23,'AE',91),(24,'AF',91),(25,'IN',91),(26,'AG',82),(27,'AI',82),(28,'AK',91),(29,'Caceres',79),(30,'Segovia',79),(31,'AL',91),(32,'AM',91),(33,'ZG',82),(34,'Malaga',79),(35,'ZH',82),(36,'LaRioja',79),(37,'AP',91),(38,'Melilla',79),(39,'AR',91),(40,'AS',91),(41,'NSW',4),(42,'Madrid',79),(43,'RI',91),(44,'AZ',91),(45,'Ceuta',79),(46,'BC',13),(47,'Huelva',79),(48,'BE',82),(49,'Huesca',79),(50,'ARCH',82),(51,'BL',82),(52,'JU',82),(53,'Asturias',79),(54,'SA',4),(55,'SB',5),(56,'TIAT',5),(57,'SC',91),(58,'THE',30),(59,'SD',91),(60,'BS',82),(61,'Cordoba',79),(62,'Tarragona',79),(63,'Valladolid',79),(64,'SG',82),(65,'SH',82),(66,'WAAU',4),(67,'SK',13),(68,'NDS',30),(69,'SO',82),(70,'CA',91),(71,'NTAU',4),(72,'ST',5),(73,'KN',5),(74,'Jaen',79),(75,'CiudadReal',79),(76,'SZ',82),(77,'Alava',79),(78,'KS',91),(79,'CO',91),(80,'KY',91),(81,'BER',30),(82,'CT',91),(83,'ACT',4),(84,'TG',82),(85,'LA',91),(86,'HAM',30),(87,'TI',82),(88,'Lugo',79),(89,'NECH',82),(90,'TN',91),(91,'Toledo',79),(92,'DC',91),(93,'Palencia',79),(94,'DE',91),(95,'TX',91),(96,'TAS',4),(97,'QLD',4),(98,'LU',82),(99,'Burgos',79),(100,'Cadiz',79),(101,'SantaCruzdeTenerife',79),(102,'MA',91),(103,'MB',13),(104,'MD',91),(105,'Girona',79),(106,'ME',91),(107,'Alicante',79),(108,'Guadalajara',79),(109,'Cantabria',79),(110,'MH',91),(111,'MI',91),(112,'UR',82),(113,'UT',91),(114,'MN',91),(115,'MO',91),(116,'MP',91),(117,'Barcelona',79),(118,'MS',91),(119,'MT',91),(120,'Badajoz',79),(121,'MEC',30),(122,'VA',91),(123,'VB',5),(124,'Cuenca',79),(125,'WIAT',5),(126,'VD',82),(127,'Sevilla',79),(128,'VI',91),(129,'Zaragoza',79),(130,'NB',13),(131,'SAC',30),(132,'NC',91),(133,'ND',91),(134,'NE',91),(135,'NF',13),(136,'NH',91),(137,'NJ',91),(138,'VS',82),(139,'VT',91),(140,'NM',91),(141,'NO',5),(142,'SAS',30),(143,'NS',13),(144,'SAR',30),(145,'FL',91),(146,'NT',13),(147,'FM',91),(148,'NU',13),(149,'NV',91),(150,'NW',82),(151,'WA',91),(152,'NY',91),(153,'Granada',79),(154,'Soria',79),(155,'FR',82),(156,'RHE',30),(157,'Ourense',79),(158,'WI',91),(159,'OH',91),(160,'GA',91),(161,'Murcia',79),(162,'OK',91),(163,'GE',82),(164,'WV',91),(165,'ON',13),(166,'OO',5),(167,'WY',91),(168,'BLAT',5),(169,'Avila',79),(170,'OR',91),(171,'Salamanca',79),(172,'GL',82),(173,'Baleares',79),(174,'OW',82),(175,'GR',82),(176,'GU',91),(177,'PA',91),(178,'VIC',4),(179,'BRE',30),(180,'PE',13),(181,'BRG',30),(182,'HES',30),(183,'Almeria',79),(184,'BAW',30),(185,'BAY',30),(186,'Navarra',79),(187,'Valencia',79),(188,'SCN',30);
/*!40000 ALTER TABLE `ZONE` ENABLE KEYS */;
UNLOCK TABLES;

--
-- Table structure for table `ZONE_DESCRIPTION`
--

DROP TABLE IF EXISTS `ZONE_DESCRIPTION`;
/*!40101 SET @saved_cs_client     = @@character_set_client */;
/*!40101 SET character_set_client = utf8 */;
CREATE TABLE `ZONE_DESCRIPTION` (
  `DESCRIPTION_ID` bigint(20) NOT NULL,
  `DATE_CREATED` datetime DEFAULT NULL,
  `DATE_MODIFIED` datetime DEFAULT NULL,
  `UPDT_ID` varchar(20) DEFAULT NULL,
  `DESCRIPTION` longtext,
  `NAME` varchar(120) NOT NULL,
  `TITLE` varchar(100) DEFAULT NULL,
  `LANGUAGE_ID` int(11) NOT NULL,
  `ZONE_ID` bigint(20) NOT NULL,
  PRIMARY KEY (`DESCRIPTION_ID`),
  UNIQUE KEY `UK_m64laxgrv9fxm6io232ap4su9` (`ZONE_ID`,`LANGUAGE_ID`),
  KEY `FK_c0kdjwp4gdxe36vlu83qfvme5` (`LANGUAGE_ID`),
  CONSTRAINT `FK_11l2ifk07g04697nmb9arifnb` FOREIGN KEY (`ZONE_ID`) REFERENCES `ZONE` (`ZONE_ID`),
  CONSTRAINT `FK_c0kdjwp4gdxe36vlu83qfvme5` FOREIGN KEY (`LANGUAGE_ID`) REFERENCES `LANGUAGE` (`LANGUAGE_ID`)
) ENGINE=InnoDB DEFAULT CHARSET=latin1;
/*!40101 SET character_set_client = @saved_cs_client */;

--
-- Dumping data for table `ZONE_DESCRIPTION`
--

LOCK TABLES `ZONE_DESCRIPTION` WRITE;
/*!40000 ALTER TABLE `ZONE_DESCRIPTION` DISABLE KEYS */;
INSERT INTO `ZONE_DESCRIPTION` VALUES (100,'2018-12-31 21:30:19','2018-12-31 21:30:19',NULL,NULL,'Guipuzcoa',NULL,1,1),(101,'2018-12-31 21:30:19','2018-12-31 21:30:19',NULL,NULL,'Hawaii',NULL,1,2),(102,'2018-12-31 21:30:19','2018-12-31 21:30:19',NULL,NULL,'Puerto Rico',NULL,1,3),(103,'2018-12-31 21:30:19','2018-12-31 21:30:19',NULL,NULL,'Zamora',NULL,1,4),(104,'2018-12-31 21:30:19','2018-12-31 21:30:19',NULL,NULL,'Vizcaya',NULL,1,5),(105,'2018-12-31 21:30:19','2018-12-31 21:30:19',NULL,NULL,'Albacete',NULL,1,6),(106,'2018-12-31 21:30:19','2018-12-31 21:30:19',NULL,NULL,'Lleida',NULL,1,7),(107,'2018-12-31 21:30:19','2018-12-31 21:30:19',NULL,NULL,'Quebec',NULL,1,8),(108,'2018-12-31 21:30:19','2018-12-31 21:30:19',NULL,NULL,'Nordrhein-Westfalen',NULL,1,9),(109,'2018-12-31 21:30:19','2018-12-31 21:30:19',NULL,NULL,'Iowa',NULL,1,10),(110,'2018-12-31 21:30:19','2018-12-31 21:30:19',NULL,NULL,'Idaho',NULL,1,11),(111,'2018-12-31 21:30:19','2018-12-31 21:30:19',NULL,NULL,'Yukon Territory',NULL,1,12),(112,'2018-12-31 21:30:19','2018-12-31 21:30:19',NULL,NULL,'Leon',NULL,1,13),(113,'2018-12-31 21:30:19','2018-12-31 21:30:19',NULL,NULL,'A Corua',NULL,1,14),(114,'2018-12-31 21:30:19','2018-12-31 21:30:19',NULL,NULL,'Castellon',NULL,1,15),(115,'2018-12-31 21:30:19','2018-12-31 21:30:19',NULL,NULL,'Las Palmas',NULL,1,16),(116,'2018-12-31 21:30:19','2018-12-31 21:30:19',NULL,NULL,'Pontevedra',NULL,1,17),(117,'2018-12-31 21:30:19','2018-12-31 21:30:19',NULL,NULL,'Armed Forces Americas',NULL,1,18),(118,'2018-12-31 21:30:19','2018-12-31 21:30:19',NULL,NULL,'Teruel',NULL,1,19),(119,'2018-12-31 21:30:19','2018-12-31 21:30:19',NULL,NULL,'Alberta',NULL,1,20),(120,'2018-12-31 21:30:19','2018-12-31 21:30:19',NULL,NULL,'Armed Forces Canada',NULL,1,21),(121,'2018-12-31 21:30:19','2018-12-31 21:30:19',NULL,NULL,'Illinois',NULL,1,22),(122,'2018-12-31 21:30:19','2018-12-31 21:30:19',NULL,NULL,'Armed Forces Europe',NULL,1,23),(123,'2018-12-31 21:30:19','2018-12-31 21:30:19',NULL,NULL,'Armed Forces Africa',NULL,1,24),(124,'2018-12-31 21:30:19','2018-12-31 21:30:19',NULL,NULL,'Indiana',NULL,1,25),(125,'2018-12-31 21:30:19','2018-12-31 21:30:19',NULL,NULL,'Aargau',NULL,1,26),(126,'2018-12-31 21:30:19','2018-12-31 21:30:19',NULL,NULL,'Appenzell Innerrhoden',NULL,1,27),(127,'2018-12-31 21:30:19','2018-12-31 21:30:19',NULL,NULL,'Alaska',NULL,1,28),(128,'2018-12-31 21:30:19','2018-12-31 21:30:19',NULL,NULL,'Caceres',NULL,1,29),(129,'2018-12-31 21:30:19','2018-12-31 21:30:19',NULL,NULL,'Segovia',NULL,1,30),(130,'2018-12-31 21:30:19','2018-12-31 21:30:19',NULL,NULL,'Alabama',NULL,1,31),(131,'2018-12-31 21:30:19','2018-12-31 21:30:19',NULL,NULL,'Armed Forces Middle East',NULL,1,32),(132,'2018-12-31 21:30:19','2018-12-31 21:30:19',NULL,NULL,'Zug',NULL,1,33),(133,'2018-12-31 21:30:19','2018-12-31 21:30:19',NULL,NULL,'Malaga',NULL,1,34),(134,'2018-12-31 21:30:19','2018-12-31 21:30:19',NULL,NULL,'Zrich',NULL,1,35),(135,'2018-12-31 21:30:19','2018-12-31 21:30:19',NULL,NULL,'La Rioja',NULL,1,36),(136,'2018-12-31 21:30:19','2018-12-31 21:30:19',NULL,NULL,'Armed Forces Pacific',NULL,1,37),(137,'2018-12-31 21:30:19','2018-12-31 21:30:19',NULL,NULL,'Melilla',NULL,1,38),(138,'2018-12-31 21:30:19','2018-12-31 21:30:19',NULL,NULL,'Arkansas',NULL,1,39),(139,'2018-12-31 21:30:19','2018-12-31 21:30:19',NULL,NULL,'American Samoa',NULL,1,40),(140,'2018-12-31 21:30:19','2018-12-31 21:30:19',NULL,NULL,'New South Wales',NULL,1,41),(141,'2018-12-31 21:30:19','2018-12-31 21:30:19',NULL,NULL,'Madrid',NULL,1,42),(142,'2018-12-31 21:30:19','2018-12-31 21:30:19',NULL,NULL,'Rhode Island',NULL,1,43),(143,'2018-12-31 21:30:19','2018-12-31 21:30:19',NULL,NULL,'Arizona',NULL,1,44),(144,'2018-12-31 21:30:19','2018-12-31 21:30:19',NULL,NULL,'Ceuta',NULL,1,45),(145,'2018-12-31 21:30:19','2018-12-31 21:30:19',NULL,NULL,'British Columbia',NULL,1,46),(146,'2018-12-31 21:30:19','2018-12-31 21:30:19',NULL,NULL,'Huelva',NULL,1,47),(147,'2018-12-31 21:30:19','2018-12-31 21:30:19',NULL,NULL,'Bern',NULL,1,48),(148,'2018-12-31 21:30:19','2018-12-31 21:30:19',NULL,NULL,'Huesca',NULL,1,49),(149,'2018-12-31 21:30:19','2018-12-31 21:30:19',NULL,NULL,'Appenzell Ausserrhoden',NULL,1,50),(150,'2018-12-31 21:30:19','2018-12-31 21:30:19',NULL,NULL,'Basel-Landschaft',NULL,1,51),(151,'2018-12-31 21:30:19','2018-12-31 21:30:19',NULL,NULL,'Jura',NULL,1,52),(152,'2018-12-31 21:30:19','2018-12-31 21:30:19',NULL,NULL,'Asturias',NULL,1,53),(153,'2018-12-31 21:30:19','2018-12-31 21:30:19',NULL,NULL,'South Australia',NULL,1,54),(154,'2018-12-31 21:30:19','2018-12-31 21:30:19',NULL,NULL,'Salzburg',NULL,1,55),(155,'2018-12-31 21:30:19','2018-12-31 21:30:19',NULL,NULL,'Tirol',NULL,1,56),(156,'2018-12-31 21:30:19','2018-12-31 21:30:19',NULL,NULL,'South Carolina',NULL,1,57),(157,'2018-12-31 21:30:19','2018-12-31 21:30:19',NULL,NULL,'Thringen',NULL,1,58),(158,'2018-12-31 21:30:19','2018-12-31 21:30:19',NULL,NULL,'South Dakota',NULL,1,59),(159,'2018-12-31 21:30:19','2018-12-31 21:30:19',NULL,NULL,'Basel-Stadt',NULL,1,60),(160,'2018-12-31 21:30:19','2018-12-31 21:30:19',NULL,NULL,'Cordoba',NULL,1,61),(161,'2018-12-31 21:30:19','2018-12-31 21:30:19',NULL,NULL,'Tarragona',NULL,1,62),(162,'2018-12-31 21:30:19','2018-12-31 21:30:19',NULL,NULL,'Valladolid',NULL,1,63),(163,'2018-12-31 21:30:19','2018-12-31 21:30:19',NULL,NULL,'St. Gallen',NULL,1,64),(164,'2018-12-31 21:30:19','2018-12-31 21:30:19',NULL,NULL,'Schaffhausen',NULL,1,65),(165,'2018-12-31 21:30:19','2018-12-31 21:30:19',NULL,NULL,'Western Australia',NULL,1,66),(166,'2018-12-31 21:30:19','2018-12-31 21:30:19',NULL,NULL,'Saskatchewan',NULL,1,67),(167,'2018-12-31 21:30:19','2018-12-31 21:30:19',NULL,NULL,'Niedersachsen',NULL,1,68),(168,'2018-12-31 21:30:19','2018-12-31 21:30:19',NULL,NULL,'Solothurn',NULL,1,69),(169,'2018-12-31 21:30:19','2018-12-31 21:30:19',NULL,NULL,'California',NULL,1,70),(170,'2018-12-31 21:30:19','2018-12-31 21:30:19',NULL,NULL,'Northern Territory',NULL,1,71),(171,'2018-12-31 21:30:19','2018-12-31 21:30:19',NULL,NULL,'Steiermark',NULL,1,72),(172,'2018-12-31 21:30:19','2018-12-31 21:30:19',NULL,NULL,'Katen',NULL,1,73),(173,'2018-12-31 21:30:19','2018-12-31 21:30:19',NULL,NULL,'Jaen',NULL,1,74),(174,'2018-12-31 21:30:19','2018-12-31 21:30:19',NULL,NULL,'Ciudad Real',NULL,1,75),(175,'2018-12-31 21:30:19','2018-12-31 21:30:19',NULL,NULL,'Schwyz',NULL,1,76),(176,'2018-12-31 21:30:19','2018-12-31 21:30:19',NULL,NULL,'Alava',NULL,1,77),(177,'2018-12-31 21:30:19','2018-12-31 21:30:19',NULL,NULL,'Kansas',NULL,1,78),(178,'2018-12-31 21:30:19','2018-12-31 21:30:19',NULL,NULL,'Colorado',NULL,1,79),(179,'2018-12-31 21:30:19','2018-12-31 21:30:19',NULL,NULL,'Kentucky',NULL,1,80),(180,'2018-12-31 21:30:19','2018-12-31 21:30:19',NULL,NULL,'Berlin',NULL,1,81),(181,'2018-12-31 21:30:19','2018-12-31 21:30:19',NULL,NULL,'Connecticut',NULL,1,82),(182,'2018-12-31 21:30:19','2018-12-31 21:30:19',NULL,NULL,'Australian Capital Territory',NULL,1,83),(183,'2018-12-31 21:30:19','2018-12-31 21:30:19',NULL,NULL,'Thurgau',NULL,1,84),(184,'2018-12-31 21:30:19','2018-12-31 21:30:19',NULL,NULL,'Louisiana',NULL,1,85),(185,'2018-12-31 21:30:19','2018-12-31 21:30:19',NULL,NULL,'Hamburg',NULL,1,86),(186,'2018-12-31 21:30:19','2018-12-31 21:30:19',NULL,NULL,'Tessin',NULL,1,87),(187,'2018-12-31 21:30:19','2018-12-31 21:30:19',NULL,NULL,'Lugo',NULL,1,88),(188,'2018-12-31 21:30:19','2018-12-31 21:30:19',NULL,NULL,'Neuenburg',NULL,1,89),(189,'2018-12-31 21:30:19','2018-12-31 21:30:19',NULL,NULL,'Tennessee',NULL,1,90),(190,'2018-12-31 21:30:19','2018-12-31 21:30:19',NULL,NULL,'Toledo',NULL,1,91),(191,'2018-12-31 21:30:19','2018-12-31 21:30:19',NULL,NULL,'District of Columbia',NULL,1,92),(192,'2018-12-31 21:30:19','2018-12-31 21:30:19',NULL,NULL,'Palencia',NULL,1,93),(193,'2018-12-31 21:30:19','2018-12-31 21:30:19',NULL,NULL,'Delaware',NULL,1,94),(194,'2018-12-31 21:30:19','2018-12-31 21:30:19',NULL,NULL,'Texas',NULL,1,95),(195,'2018-12-31 21:30:19','2018-12-31 21:30:19',NULL,NULL,'Tasmania',NULL,1,96),(196,'2018-12-31 21:30:20','2018-12-31 21:30:20',NULL,NULL,'Queensland',NULL,1,97),(197,'2018-12-31 21:30:20','2018-12-31 21:30:20',NULL,NULL,'Luzern',NULL,1,98),(198,'2018-12-31 21:30:20','2018-12-31 21:30:20',NULL,NULL,'Burgos',NULL,1,99),(199,'2018-12-31 21:30:20','2018-12-31 21:30:20',NULL,NULL,'Cadiz',NULL,1,100),(200,'2018-12-31 21:30:20','2018-12-31 21:30:20',NULL,NULL,'Santa Cruz de Tenerife',NULL,1,101),(201,'2018-12-31 21:30:20','2018-12-31 21:30:20',NULL,NULL,'Massachusetts',NULL,1,102),(202,'2018-12-31 21:30:20','2018-12-31 21:30:20',NULL,NULL,'Manitoba',NULL,1,103),(203,'2018-12-31 21:30:20','2018-12-31 21:30:20',NULL,NULL,'Maryland',NULL,1,104),(204,'2018-12-31 21:30:20','2018-12-31 21:30:20',NULL,NULL,'Girona',NULL,1,105),(205,'2018-12-31 21:30:20','2018-12-31 21:30:20',NULL,NULL,'Maine',NULL,1,106),(206,'2018-12-31 21:30:20','2018-12-31 21:30:20',NULL,NULL,'Alicante',NULL,1,107),(207,'2018-12-31 21:30:20','2018-12-31 21:30:20',NULL,NULL,'Guadalajara',NULL,1,108),(208,'2018-12-31 21:30:20','2018-12-31 21:30:20',NULL,NULL,'Cantabria',NULL,1,109),(209,'2018-12-31 21:30:20','2018-12-31 21:30:20',NULL,NULL,'Marshall Islands',NULL,1,110),(210,'2018-12-31 21:30:20','2018-12-31 21:30:20',NULL,NULL,'Michigan',NULL,1,111),(211,'2018-12-31 21:30:20','2018-12-31 21:30:20',NULL,NULL,'Uri',NULL,1,112),(212,'2018-12-31 21:30:20','2018-12-31 21:30:20',NULL,NULL,'Utah',NULL,1,113),(213,'2018-12-31 21:30:20','2018-12-31 21:30:20',NULL,NULL,'Minnesota',NULL,1,114),(214,'2018-12-31 21:30:20','2018-12-31 21:30:20',NULL,NULL,'Missouri',NULL,1,115),(215,'2018-12-31 21:30:20','2018-12-31 21:30:20',NULL,NULL,'Northern Mariana Islands',NULL,1,116),(216,'2018-12-31 21:30:20','2018-12-31 21:30:20',NULL,NULL,'Barcelona',NULL,1,117),(217,'2018-12-31 21:30:20','2018-12-31 21:30:20',NULL,NULL,'Mississippi',NULL,1,118),(218,'2018-12-31 21:30:20','2018-12-31 21:30:20',NULL,NULL,'Montana',NULL,1,119),(219,'2018-12-31 21:30:20','2018-12-31 21:30:20',NULL,NULL,'Badajoz',NULL,1,120),(220,'2018-12-31 21:30:20','2018-12-31 21:30:20',NULL,NULL,'Mecklenburg-Vorpommern',NULL,1,121),(221,'2018-12-31 21:30:20','2018-12-31 21:30:20',NULL,NULL,'Virginia',NULL,1,122),(222,'2018-12-31 21:30:20','2018-12-31 21:30:20',NULL,NULL,'Voralberg',NULL,1,123),(223,'2018-12-31 21:30:20','2018-12-31 21:30:20',NULL,NULL,'Cuenca',NULL,1,124),(224,'2018-12-31 21:30:20','2018-12-31 21:30:20',NULL,NULL,'Wien',NULL,1,125),(225,'2018-12-31 21:30:20','2018-12-31 21:30:20',NULL,NULL,'Waadt',NULL,1,126),(226,'2018-12-31 21:30:20','2018-12-31 21:30:20',NULL,NULL,'Sevilla',NULL,1,127),(227,'2018-12-31 21:30:20','2018-12-31 21:30:20',NULL,NULL,'Virgin Islands',NULL,1,128),(228,'2018-12-31 21:30:20','2018-12-31 21:30:20',NULL,NULL,'Zaragoza',NULL,1,129),(229,'2018-12-31 21:30:20','2018-12-31 21:30:20',NULL,NULL,'New Brunswick',NULL,1,130),(230,'2018-12-31 21:30:20','2018-12-31 21:30:20',NULL,NULL,'Sachsen-Anhalt',NULL,1,131),(231,'2018-12-31 21:30:20','2018-12-31 21:30:20',NULL,NULL,'North Carolina',NULL,1,132),(232,'2018-12-31 21:30:20','2018-12-31 21:30:20',NULL,NULL,'North Dakota',NULL,1,133),(233,'2018-12-31 21:30:20','2018-12-31 21:30:20',NULL,NULL,'Nebraska',NULL,1,134),(234,'2018-12-31 21:30:20','2018-12-31 21:30:20',NULL,NULL,'Newfoundland - Labrador',NULL,1,135),(235,'2018-12-31 21:30:20','2018-12-31 21:30:20',NULL,NULL,'New Hampshire',NULL,1,136),(236,'2018-12-31 21:30:20','2018-12-31 21:30:20',NULL,NULL,'New Jersey',NULL,1,137),(237,'2018-12-31 21:30:20','2018-12-31 21:30:20',NULL,NULL,'Wallis',NULL,1,138),(238,'2018-12-31 21:30:20','2018-12-31 21:30:20',NULL,NULL,'Vermont',NULL,1,139),(239,'2018-12-31 21:30:20','2018-12-31 21:30:20',NULL,NULL,'New Mexico',NULL,1,140),(240,'2018-12-31 21:30:20','2018-12-31 21:30:20',NULL,NULL,'Niederosterreich',NULL,1,141),(241,'2018-12-31 21:30:20','2018-12-31 21:30:20',NULL,NULL,'Sachsen',NULL,1,142),(242,'2018-12-31 21:30:20','2018-12-31 21:30:20',NULL,NULL,'Nova Scotia',NULL,1,143),(243,'2018-12-31 21:30:20','2018-12-31 21:30:20',NULL,NULL,'Saarland',NULL,1,144),(244,'2018-12-31 21:30:20','2018-12-31 21:30:20',NULL,NULL,'Florida',NULL,1,145),(245,'2018-12-31 21:30:20','2018-12-31 21:30:20',NULL,NULL,'Northwest Territories',NULL,1,146),(246,'2018-12-31 21:30:20','2018-12-31 21:30:20',NULL,NULL,'Federated States Of Micronesia',NULL,1,147),(247,'2018-12-31 21:30:20','2018-12-31 21:30:20',NULL,NULL,'Nunavut',NULL,1,148),(248,'2018-12-31 21:30:20','2018-12-31 21:30:20',NULL,NULL,'Nevada',NULL,1,149),(249,'2018-12-31 21:30:20','2018-12-31 21:30:20',NULL,NULL,'Nidwalden',NULL,1,150),(250,'2018-12-31 21:30:20','2018-12-31 21:30:20',NULL,NULL,'Washington',NULL,1,151),(251,'2018-12-31 21:30:20','2018-12-31 21:30:20',NULL,NULL,'New York',NULL,1,152),(252,'2018-12-31 21:30:20','2018-12-31 21:30:20',NULL,NULL,'Granada',NULL,1,153),(253,'2018-12-31 21:30:20','2018-12-31 21:30:20',NULL,NULL,'Soria',NULL,1,154),(254,'2018-12-31 21:30:20','2018-12-31 21:30:20',NULL,NULL,'Freiburg',NULL,1,155),(255,'2018-12-31 21:30:20','2018-12-31 21:30:20',NULL,NULL,'Rheinland-Pfalz',NULL,1,156),(256,'2018-12-31 21:30:20','2018-12-31 21:30:20',NULL,NULL,'Ourense',NULL,1,157),(257,'2018-12-31 21:30:20','2018-12-31 21:30:20',NULL,NULL,'Wisconsin',NULL,1,158),(258,'2018-12-31 21:30:20','2018-12-31 21:30:20',NULL,NULL,'Ohio',NULL,1,159),(259,'2018-12-31 21:30:20','2018-12-31 21:30:20',NULL,NULL,'Georgia',NULL,1,160),(260,'2018-12-31 21:30:20','2018-12-31 21:30:20',NULL,NULL,'Murcia',NULL,1,161),(261,'2018-12-31 21:30:20','2018-12-31 21:30:20',NULL,NULL,'Oklahoma',NULL,1,162),(262,'2018-12-31 21:30:20','2018-12-31 21:30:20',NULL,NULL,'Genf',NULL,1,163),(263,'2018-12-31 21:30:20','2018-12-31 21:30:20',NULL,NULL,'West Virginia',NULL,1,164),(264,'2018-12-31 21:30:20','2018-12-31 21:30:20',NULL,NULL,'Ontario',NULL,1,165),(265,'2018-12-31 21:30:20','2018-12-31 21:30:20',NULL,NULL,'Oberosterreich',NULL,1,166),(266,'2018-12-31 21:30:20','2018-12-31 21:30:20',NULL,NULL,'Wyoming',NULL,1,167),(267,'2018-12-31 21:30:20','2018-12-31 21:30:20',NULL,NULL,'Burgenland',NULL,1,168),(268,'2018-12-31 21:30:20','2018-12-31 21:30:20',NULL,NULL,'Avila',NULL,1,169),(269,'2018-12-31 21:30:20','2018-12-31 21:30:20',NULL,NULL,'Oregon',NULL,1,170),(270,'2018-12-31 21:30:20','2018-12-31 21:30:20',NULL,NULL,'Salamanca',NULL,1,171),(271,'2018-12-31 21:30:20','2018-12-31 21:30:20',NULL,NULL,'Glarus',NULL,1,172),(272,'2018-12-31 21:30:20','2018-12-31 21:30:20',NULL,NULL,'Baleares',NULL,1,173),(273,'2018-12-31 21:30:20','2018-12-31 21:30:20',NULL,NULL,'Obwalden',NULL,1,174),(274,'2018-12-31 21:30:20','2018-12-31 21:30:20',NULL,NULL,'Graubnden',NULL,1,175),(275,'2018-12-31 21:30:20','2018-12-31 21:30:20',NULL,NULL,'Guam',NULL,1,176),(276,'2018-12-31 21:30:20','2018-12-31 21:30:20',NULL,NULL,'Pennsylvania',NULL,1,177),(277,'2018-12-31 21:30:20','2018-12-31 21:30:20',NULL,NULL,'Victoria',NULL,1,178),(278,'2018-12-31 21:30:20','2018-12-31 21:30:20',NULL,NULL,'Bremen',NULL,1,179),(279,'2018-12-31 21:30:20','2018-12-31 21:30:20',NULL,NULL,'Prince Edward Island',NULL,1,180),(280,'2018-12-31 21:30:20','2018-12-31 21:30:20',NULL,NULL,'Brandenburg',NULL,1,181),(281,'2018-12-31 21:30:20','2018-12-31 21:30:20',NULL,NULL,'Hessen',NULL,1,182),(282,'2018-12-31 21:30:20','2018-12-31 21:30:20',NULL,NULL,'Almeria',NULL,1,183),(283,'2018-12-31 21:30:20','2018-12-31 21:30:20',NULL,NULL,'Baden-Wrttemberg',NULL,1,184),(284,'2018-12-31 21:30:20','2018-12-31 21:30:20',NULL,NULL,'Bayern',NULL,1,185),(285,'2018-12-31 21:30:20','2018-12-31 21:30:20',NULL,NULL,'Navarra',NULL,1,186),(286,'2018-12-31 21:30:20','2018-12-31 21:30:20',NULL,NULL,'Valencia',NULL,1,187),(287,'2018-12-31 21:30:20','2018-12-31 21:30:20',NULL,NULL,'Schleswig-Holstein',NULL,1,188);
/*!40000 ALTER TABLE `ZONE_DESCRIPTION` ENABLE KEYS */;
UNLOCK TABLES;

--
-- Dumping events for database 'SALESMANAGER'
--

--
-- Dumping routines for database 'SALESMANAGER'
--
/*!40103 SET TIME_ZONE=@OLD_TIME_ZONE */;

/*!40101 SET SQL_MODE=@OLD_SQL_MODE */;
/*!40014 SET FOREIGN_KEY_CHECKS=@OLD_FOREIGN_KEY_CHECKS */;
/*!40014 SET UNIQUE_CHECKS=@OLD_UNIQUE_CHECKS */;
/*!40101 SET CHARACTER_SET_CLIENT=@OLD_CHARACTER_SET_CLIENT */;
/*!40101 SET CHARACTER_SET_RESULTS=@OLD_CHARACTER_SET_RESULTS */;
/*!40101 SET COLLATION_CONNECTION=@OLD_COLLATION_CONNECTION */;
/*!40111 SET SQL_NOTES=@OLD_SQL_NOTES */;

-- Dump completed on 2018-12-31 23:07:49
